-- MySQL dump 10.13  Distrib 5.1.69, for redhat-linux-gnu (i386)
--
-- Host: localhost    Database: development_jgw_gw
-- ------------------------------------------------------
-- Server version	5.1.69

/*!40101 SET @OLD_CHARACTER_SET_CLIENT=@@CHARACTER_SET_CLIENT */;
/*!40101 SET @OLD_CHARACTER_SET_RESULTS=@@CHARACTER_SET_RESULTS */;
/*!40101 SET @OLD_COLLATION_CONNECTION=@@COLLATION_CONNECTION */;
/*!40101 SET NAMES utf8 */;
/*!40103 SET @OLD_TIME_ZONE=@@TIME_ZONE */;
/*!40103 SET TIME_ZONE='+00:00' */;
/*!40014 SET @OLD_UNIQUE_CHECKS=@@UNIQUE_CHECKS, UNIQUE_CHECKS=0 */;
/*!40014 SET @OLD_FOREIGN_KEY_CHECKS=@@FOREIGN_KEY_CHECKS, FOREIGN_KEY_CHECKS=0 */;
/*!40101 SET @OLD_SQL_MODE=@@SQL_MODE, SQL_MODE='NO_AUTO_VALUE_ON_ZERO' */;
/*!40111 SET @OLD_SQL_NOTES=@@SQL_NOTES, SQL_NOTES=0 */;

--
-- Dumping data for table `digitallibrary_adms`
--


--
-- Dumping data for table `digitallibrary_controls`
--


--
-- Dumping data for table `digitallibrary_roles`
--


--
-- Dumping data for table `doclibrary_adms`
--


--
-- Dumping data for table `doclibrary_controls`
--


--
-- Dumping data for table `doclibrary_roles`
--


--
-- Dumping data for table `enquete_answers`
--


--
-- Dumping data for table `enquete_base_users`
--

LOCK TABLES `enquete_base_users` WRITE;
/*!40000 ALTER TABLE `enquete_base_users` DISABLE KEYS */;
INSERT INTO `enquete_base_users` (`id`, `unid`, `created_at`, `updated_at`, `base_user_code`, `base_user_name`) VALUES 
(1,NULL,'2011-05-23 21:39:43','2011-05-23 21:39:43','admin','システム管理者');
/*!40000 ALTER TABLE `enquete_base_users` ENABLE KEYS */;
UNLOCK TABLES;

--
-- Dumping data for table `enquete_view_questions`
--


--
-- Dumping data for table `gw_admin_check_extensions`
--

LOCK TABLES `gw_admin_check_extensions` WRITE;
/*!40000 ALTER TABLE `gw_admin_check_extensions` DISABLE KEYS */;
INSERT INTO `gw_admin_check_extensions` (`id`, `state`, `sort_no`, `extension`, `remark`, `deleted_at`, `deleted_uid`, `deleted_gid`, `updated_at`, `updated_uid`, `updated_gid`, `created_at`, `created_uid`, `created_gid`) VALUES
(1,'enabled',10,'jtd','一太郎',NULL,NULL,NULL,'2011-08-19 10:32:08',NULL,NULL,'2011-08-19 10:32:08',NULL,NULL),
(2,'enabled',20,'xls','Excel',NULL,NULL,NULL,'2011-08-19 10:32:17',NULL,NULL,'2011-08-19 10:32:17',NULL,NULL),
(3,'enabled',30,'xlsx','Excel 2007',NULL,NULL,NULL,'2011-08-19 10:32:26',NULL,NULL,'2011-08-19 10:32:26',NULL,NULL),
(4,'enabled',40,'doc','Word',NULL,NULL,NULL,'2011-08-19 10:32:33',NULL,NULL,'2011-08-19 10:32:33',NULL,NULL),
(5,'enabled',50,'docx','Word 2007',NULL,NULL,NULL,'2011-08-19 10:33:10',NULL,NULL,'2011-08-19 10:33:10',NULL,NULL),
(6,'enabled',60,'ppt','PowerPoint',NULL,NULL,NULL,'2011-08-19 10:33:19',NULL,NULL,'2011-08-19 10:33:19',NULL,NULL),
(7,'enabled',70,'pptx','PowerPoint 2007',NULL,NULL,NULL,'2011-08-19 10:33:28',NULL,NULL,'2011-08-19 10:33:28',NULL,NULL),
(8,'enabled',80,'jac','三四郎',NULL,NULL,NULL,'2011-08-19 10:33:36',NULL,NULL,'2011-08-19 10:33:36',NULL,NULL),
(9,'enabled',90,'jsd','三四郎',NULL,NULL,NULL,'2011-08-19 10:33:43',NULL,NULL,'2011-08-19 10:33:43',NULL,NULL),
(10,'deleted',NULL,'odt','オープンオフィス 文書','2011-08-24 11:52:08',8,36,'2011-08-24 11:52:08',8,36,'2011-08-24 10:58:05',8,36),
(11,'deleted',NULL,'odg','オープンオフィス 図形','2011-08-24 11:19:57',8,36,'2011-08-24 11:19:57',NULL,NULL,'2011-08-24 11:19:20',8,36);
/*!40000 ALTER TABLE `gw_admin_check_extensions` ENABLE KEYS */;
UNLOCK TABLES;

--
-- Dumping data for table `gw_admin_messages`
--


--
-- Dumping data for table `gw_blog_parts`
--


--
-- Dumping data for table `gw_circulars`
--


--
-- Dumping data for table `gw_edit_link_piece_csses`
--

LOCK TABLES `gw_edit_link_piece_csses` WRITE;
/*!40000 ALTER TABLE `gw_edit_link_piece_csses` DISABLE KEYS */;
INSERT INTO `gw_edit_link_piece_csses` (`id`, `state`, `css_name`, `css_sort_no`, `css_class`, `css_type`, `deleted_at`, `deleted_user`, `deleted_group`, `updated_at`, `updated_user`, `updated_group`, `created_at`, `created_user`, `created_group`) VALUES 
(1,'enabled','総務事務システム',10,'soumu',2,NULL,NULL,NULL,NULL,'admin','システム管理','2010-10-21 18:42:01','admin','システム管理'),
(2,'enabled','電子決済・文書管理',20,'denshiKessai',2,NULL,NULL,NULL,NULL,'admin','システム管理','2010-10-21 18:56:49','admin','システム管理'),
(3,'enabled','職員名簿',30,'directory',2,NULL,NULL,NULL,NULL,'admin','システム管理','2010-10-21 18:56:49','admin','システム管理'),
(4,'enabled','掲示板',40,'bbs',2,NULL,NULL,NULL,NULL,'admin','システム管理','2010-10-21 18:56:49','admin','システム管理'),
(5,'enabled','施設予約',50,'props',2,NULL,NULL,NULL,NULL,'admin','システム管理','2010-10-21 18:56:49','admin','システム管理'),
(6,'enabled','質問管理',60,'qa',2,NULL,NULL,NULL,NULL,'admin','システム管理','2010-10-21 18:56:49','admin','システム管理'),
(7,'enabled','リンク',70,'fq',2,NULL,NULL,NULL,NULL,'admin','システム管理','2010-10-21 18:56:49','admin','システム管理'),
(8,'enabled','繰返し１件目',10,'head2',1,NULL,NULL,NULL,NULL,'admin','システム管理','2010-10-21 19:04:10','admin','システム管理'),
(9,'enabled','繰返し２件目以降',20,'head',1,NULL,NULL,NULL,NULL,'admin','システム管理','2010-10-21 19:04:10','admin','システム管理'),
(10,'enabled','電子図書，マニュアル',80,'ebook',2,NULL,NULL,NULL,'2010-10-22 18:14:25','admin','システム管理','2010-10-22 18:14:25','admin','システム管理'),
(11,'enabled','書庫',90,'library',2,NULL,NULL,NULL,'2010-10-22 18:14:41','admin','システム管理','2010-10-22 18:14:41','admin','システム管理'),
(12,'enabled','メーラー',100,'menu_mailer',1,NULL,NULL,NULL,'2010-10-27 16:03:33','admin','システム管理','2010-10-27 16:03:33','admin','システム管理'),
(13,'enabled','スケジュール',110,'menu_schedules',1,NULL,NULL,NULL,'2010-10-27 16:03:58','admin','システム管理','2010-10-27 16:03:58','admin','システム管理'),
(14,'enabled','Todo',120,'menu_todo',1,NULL,NULL,NULL,'2010-10-27 16:04:18','admin','システム管理','2010-10-27 16:04:18','admin','システム管理'),
(15,'enabled','連絡メモ',130,'menu_memo',1,NULL,NULL,NULL,'2010-10-27 16:04:45','admin','システム管理','2010-10-27 16:04:45','admin','システム管理'),
(16,'enabled','新規作成',140,'menu_new',1,NULL,NULL,NULL,'2010-10-27 16:12:09','admin','システム管理','2010-10-27 16:12:09','admin','システム管理'),
(17,'enabled','照会・回答システム',150,'monitor',2,NULL,NULL,NULL,'2011-02-24 22:54:28','admin','システム管理','2010-12-27 13:36:51','admin','システム管理');
/*!40000 ALTER TABLE `gw_edit_link_piece_csses` ENABLE KEYS */;
UNLOCK TABLES;

--
-- Dumping data for table `gw_edit_link_pieces`
--

LOCK TABLES `gw_edit_link_pieces` WRITE;
/*!40000 ALTER TABLE `gw_edit_link_pieces` DISABLE KEYS */;
INSERT INTO `gw_edit_link_pieces` (`id`, `uid`, `class_created`, `published`, `state`, `level_no`, `parent_id`, `name`, `sort_no`, `tab_keys`, `display_auth_priv`, `role_name_id`, `display_auth`, `block_icon_id`, `block_css_id`, `link_url`, `remark`, `icon_path`, `link_div_class`, `class_external`, `ssoid`, `class_sso`, `field_account`, `field_pass`, `css_id`, `deleted_at`, `deleted_user`, `deleted_group`, `updated_at`, `updated_user`, `updated_group`, `created_at`, `created_user`, `created_group`, `location`) VALUES 
(1,NULL,1,'opened','enabled',1,0,'TOP',10,0,1,NULL,NULL,NULL,NULL,NULL,NULL,NULL,NULL,1,NULL,1,NULL,NULL,0,NULL,'admin','システム管理','2010-10-22 17:21:35','admin','システム管理','2010-10-22 17:21:35','admin','システム管理',NULL),
(2,NULL,1,'opened','enabled',2,1,'ポータル左　リンク ピース',10,10,1,NULL,NULL,NULL,NULL,NULL,NULL,NULL,NULL,1,NULL,1,NULL,NULL,0,NULL,'admin','システム管理','2010-11-10 21:18:27','admin','システム管理','2010-10-22 17:32:27','admin','システム管理',1),
(28,NULL,1,'opened','enabled',3,2,'リンク',100,0,1,NULL,'',7,8,'',NULL,'',NULL,1,NULL,1,'','',0,NULL,'admin','システム管理','2011-05-12 23:00:28','admin','システム管理','2010-10-22 18:17:14','admin','システム管理',NULL),
(61,NULL,1,'opened','enabled',2,1,'ポータルヘッダ　アイコンメニュー',30,30,1,NULL,NULL,NULL,NULL,NULL,NULL,NULL,NULL,1,NULL,1,NULL,NULL,0,NULL,'admin','システム管理','2010-11-10 21:19:29','admin','システム管理','2010-10-27 16:01:12','admin','システム管理',2),
(62,NULL,1,'opened','enabled',3,61,'トップページ',10,0,1,NULL,NULL,NULL,NULL,'/',NULL,'',NULL,1,NULL,1,'','',0,NULL,'admin','システム管 理','2010-10-27 16:06:49','admin','システム管理','2010-10-27 16:06:49','admin','システム管理',NULL),
(63,NULL,1,'opened','enabled',4,62,'トップページ',10,0,1,NULL,NULL,NULL,NULL,'/',NULL,'/_common/themes/gw/files/menu/ic_home.gif',NULL,1,NULL,1,'','',0,NULL,'admin','システム管理','2010-10-27 16:07:28','admin','システム管理','2010-10-27 16:07:28','admin','システム管理',NULL),
(64,NULL,1,'opened','enabled',3,61,'メール',20,0,1,NULL,'',NULL,NULL,'http://enisysmail.co.jp',NULL,'',NULL,1,NULL,1,'account','password',0,NULL,'admin','システム管理','2014-01-20 19:14:13','システム管理者','システム管理','2010-10-27 16:08:19','admin','システム管理',NULL),
(65,NULL,1,'opened','enabled',4,64,'メール',10,0,1,NULL,'',NULL,NULL,'http://enisysmail.co.jp',NULL,'/_common/themes/gw/files/menu/ic_mailer.gif',NULL,1,NULL,1,'account','password',0,NULL,'admin','システム管理','2014-01-20 19:13:49','システム管理者','システム 管理','2010-10-27 16:09:08','admin','システム管理',NULL),
(66,NULL,1,'opened','enabled',3,61,'スケジュール',50,0,1,NULL,'',NULL,NULL,'/gw/schedules',NULL,'',NULL,1,NULL,1,'','',0,NULL,'admin','システム管理','2014-01-20 19:15:14','システム管理者','システム管理','2010-10-27 16:10:08','admin','システム管理',NULL),
(67,NULL,1,'opened','enabled',4,66,'スケジュール',10,0,1,NULL,NULL,NULL,NULL,'/gw/schedules',NULL,'/_common/themes/gw/files/menu/ic_schedule.gif',NULL,1,NULL,1,'','',0,NULL,'admin','システム管理','2010-10-27 16:11:33','admin','システム管理','2010-10-27 16:11:33','admin','システム管理',NULL),
(68,NULL,1,'opened','enabled',4,66,'新規作成',20,0,1,NULL,'',NULL,NULL,'/gw/schedules/new',NULL,'/_common/themes/gw/files/schedule/ic_add.gif',NULL,1,NULL,1,'','',0,NULL,'admin','システム管理','2014-01-20 19:15:32','システム管理者','システム管理','2010-10-27 16:12:41','admin','システム管理',NULL),
(69,NULL,1,'opened','enabled',3,61,'施設予約',60,0,1,NULL,'',NULL,NULL,'/gw/schedule_props/show_week?s_genre=other&cls=other',NULL,'',NULL,1,NULL,1,'','',0,NULL,'admin','システム管理','2014-01-20 19:15:47','システム管理者','シ ステム管理','2010-10-27 16:10:08','admin','システム管理',NULL),
(70,NULL,1,'opened','enabled',4,69,'施設予約',10,0,1,NULL,NULL,NULL,NULL,'/gw/schedule_props/show_week?s_genre=other&cls=other',NULL,'/_common/themes/gw/files/menu/ic_props.gif',NULL,1,NULL,1,'','',0,NULL,'admin','システム管理','2010-10-27 16:11:33','admin','システム管理','2010-10-27 16:11:33','admin','システム管理',NULL),
(71,NULL,1,'opened','enabled',4,69,'新規作成',20,0,1,NULL,'',NULL,NULL,'/gw/schedules/new?s_genre=other',NULL,'/_common/themes/gw/files/schedule/ic_add.gif',NULL,1,NULL,1,'','',0,NULL,'admin','システム管理','2014-01-20 19:16:09','システム管理者','システム管理','2010-10-27 16:12:41','admin','システム管理',NULL),
(77,NULL,1,'opened','enabled',3,61,'掲示板',40,0,1,NULL,'',NULL,NULL,'/gwbbs',NULL,'',NULL,1,NULL,1,'','',0,NULL,'admin','システム管理','2011-01-26 19:49:40','admin','システム管理','2010-10-27 16:18:43','admin','システム管理',NULL),
(78,NULL,1,'opened','enabled',4,77,'掲示板',10,0,1,NULL,NULL,NULL,NULL,'/gwbbs',NULL,'/_common/themes/gw/files/menu/ic_board.gif',NULL,1,NULL,1,'','',0,NULL,'admin','システム管理','2010-10-27 16:19:05','admin','システム管理','2010-10-27 16:19:05','admin','システム管理',NULL),
(81,NULL,1,'opened','enabled',3,61,'ファイル管理',70,0,1,NULL,NULL,NULL,NULL,'/doclibrary',NULL,'',NULL,1,NULL,1,'','',0,NULL,'admin','システム管理','2011-01-26 19:49:52','admin','システム管理','2010-10-27 16:20:29','admin','システム管理',NULL),
(82,NULL,1,'opened','enabled',4,81,'ファイル管理',10,0,1,NULL,NULL,NULL,NULL,'/doclibrary',NULL,'/_common/themes/gw/files/menu/ic_library.gif',NULL,1,NULL,1,'','',0,NULL,'admin','システム管理','2010-10-27 16:20:53','admin','システム管理','2010-10-27 16:20:53','admin','システム管理',NULL),
(85,NULL,1,'opened','enabled',3,61,'設定',80,0,0,21,'',NULL,NULL,'/gw/config_settings',NULL,'',NULL,1,NULL,1,'','',0,NULL,'admin','システム管理','2011-02-02 15:34:36','admin','システム管理','2010-10-27 16:23:22','admin','システム管理',NULL),
(86,NULL,1,'opened','enabled',4,85,'設定',10,0,1,NULL,'',NULL,NULL,'/gw/config_settings',NULL,'/_common/themes/gw/files/menu/ic_system.gif',NULL,1,NULL,1,'','',0,NULL,'admin','システム管理','2011-02-02 15:34:50','admin','システム管理','2010-10-27 16:23:57','admin','システム管理',NULL),
(89,NULL,1,'opened','enabled',3,61,'回覧板',30,0,1,NULL,'',NULL,NULL,'/gwcircular',NULL,'',NULL,1,NULL,1,'','',0,NULL,'admin','システム管理','2014-01-20 19:16:26','システム管理者','システム管理','2010-11-05 10:04:32','admin','システム管理',NULL),
(90,NULL,1,'opened','enabled',4,89,'回覧板',10,0,1,NULL,'',NULL,NULL,'/gwcircular',NULL,'/_common/themes/gw/files/menu/ic_circulation.gif',NULL,1,NULL,1,'','',0,NULL,'admin','システム管理','2010-11-09 11:54:32','admin','システム管理','2010-11-09 11:53:00','admin','システム管理',NULL);
/*!40000 ALTER TABLE `gw_edit_link_pieces` ENABLE KEYS */;
UNLOCK TABLES;

--
-- Dumping data for table `gw_edit_tab_public_roles`
--

LOCK TABLES `gw_edit_tab_public_roles` WRITE;
/*!40000 ALTER TABLE `gw_edit_tab_public_roles` DISABLE KEYS */;
/*!40000 ALTER TABLE `gw_edit_tab_public_roles` ENABLE KEYS */;
UNLOCK TABLES;

--
-- Dumping data for table `gw_edit_tabs`
--

LOCK TABLES `gw_edit_tabs` WRITE;
/*!40000 ALTER TABLE `gw_edit_tabs` DISABLE KEYS */;
INSERT INTO `gw_edit_tabs` (`id`, `class_created`, `published`, `state`, `level_no`, `parent_id`, `name`, `sort_no`, `tab_keys`, `display_auth`, `other_controller_use`, `other_controller_url`, `link_url`, `icon_path`, `link_div_class`, `class_external`, `class_sso`, `field_account`, `field_pass`, `css_id`, `is_public`, `deleted_at`, `deleted_user`, `deleted_group`, `updated_at`, `updated_user`, `updated_group`, `created_at`, `created_user`, `created_group`) VALUES 
(1,1,'opened','enabled',1,0,'TOP',10,0,NULL,2,NULL,NULL,NULL,NULL,1,1,NULL,NULL,0,0,NULL,'admin','システム管理',NULL,'admin','システム管理','2010-10-18 17:04:40','admin','システム管理'),
(4,1,'opened','enabled',2,1,'個別業務',50,80,NULL,2,NULL,NULL,NULL,NULL,1,1,NULL,NULL,0,0,NULL,'admin','システム管理','2011-05-12 22:30:52','admin','システム管理','2010-10-18 22:22:01','admin','システム管理'),
(11,1,'opened','enabled',3,4,'個別システム',10,0,NULL,2,NULL,NULL,NULL,NULL,1,1,NULL,NULL,0,0,NULL,'admin','システム管理',NULL,'admin','システム管理','2010-10-19 11:27:41','admin','システム管理'),
(84,1,'opened','enabled',2,1,'ポータル',10,1,NULL,1,'/',NULL,NULL,NULL,1,1,NULL,NULL,0,0,NULL,'admin','システム管理','2011-05-12 22:30:52','admin','システム管理','2010-10-20 13:45:40','admin','システム管理'),
(158,1,'opened','enabled',2,1,'便利リンク',60,3,NULL,2,'',NULL,NULL,NULL,0,1,NULL,NULL,0,0,NULL,'admin','システム管理','2011-05-12 14:16:23','admin','システム管理','2011-05-12 11:50:48','admin','システム管理'),
(159,1,'opened','enabled',3,158,'便利リンク',10,0,NULL,2,'',NULL,NULL,NULL,0,1,NULL,NULL,0,0,NULL,'admin','システム管理','2011-05-12 11:51:34','admin','システム管理','2011-05-12 11:51:34','admin','システム管理'),
(173,1,'opened','enabled',4,11,'アンケート集計システム',30,0,NULL,2,'','/questionnaire/','',NULL,1,1,'','',0,0,NULL,'admin','システム管理','2011-05-22 22:35:37','admin','システム管理','2011-05-13 16:37:20','admin','システム管理'),
(174,1,'opened','enabled',4,11,'議員表示　管理者用UI',40,0,'Gw::PrefAssemblyMember.editable?',2,'','/gw/pref_assembly_member_admins','',NULL,1,1,'','',0,2,NULL,NULL,NULL,'2011-05-23 20:56:57',NULL,NULL,'2011-05-23 20:56:57','システム管理者','システム管理'),
(175,1,'opened','enabled',4,11,'全庁幹部在庁表示　管理者用UI',50,0,'Gw::PrefExecutive.is_admin?',2,'','	/gw/pref_executive_admins','',NULL,1,1,'','',0,2,NULL,NULL,NULL,'2011-05-23 22:50:43','システム管理者','システム管理','2011-05-23 20:57:52','システム管理者','システム管理'),
(176,1,'opened','enabled',4,11,'部課長在庁表示　管理者用UI',60,0,'Gw::PrefDirector.is_admin?',2,'','/gw/pref_director_admins','',NULL,1,1,'','',0,2,NULL,NULL,NULL,'2011-05-23 22:51:12','システム管理者','システム管理','2011-05-23 20:58:54','システム管理者','システム管理'),
(177,1,'opened','enabled',4,11,'電子職員録',70,0,NULL,2,'','/gwsub/sb04/01/sb04stafflistview','',NULL,1,1,'','',0,0,NULL,NULL,NULL,'2012-05-21 11:25:27','システム管理者','システム管理','2012-05-16 11:41:02','システム管理者','システム管理'),
(178,1,'opened','enabled',4,11,'研修等申込・受付システム',80,0,NULL,2,'','/gwsub/sb01/sb01_training_entries','',NULL,1,1,'','',0,0,NULL,NULL,NULL,'2012-05-21 11:25:27','システム管理者','システム管理','2012-05-16 15:09:34','システム管理者','システム管理');
/*!40000 ALTER TABLE `gw_edit_tabs` ENABLE KEYS */;
UNLOCK TABLES;

--
-- Dumping data for table `gw_holidays`
--

LOCK TABLES `gw_holidays` WRITE;
/*!40000 ALTER TABLE `gw_holidays` DISABLE KEYS */;
INSERT INTO `gw_holidays` (`id`, `creator_uid`, `creator_ucode`, `creator_uname`, `creator_gid`, `creator_gcode`, `creator_gname`, `title_category_id`, `title`, `is_public`, `memo`, `schedule_repeat_id`, `dirty_repeat_id`, `no_time_id`, `st_at`, `ed_at`, `created_at`, `updated_at`) VALUES 
(1,1000,'admin','システム管理者',100,'SYSTEM','システム管理',1,'元日',1,NULL,NULL,NULL,1,'2014-01-01 00:00:00','2014-01-01 00:00:00','2014-01-17 10:16:22','2014-01-17 10:16:22'),
(2,1000,'admin','システム管理者',100,'SYSTEM','システム管理',1,'閉庁日',1,NULL,NULL,NULL,1,'2014-01-02 00:00:00','2014-01-02 00:00:00','2014-01-17 10:16:22','2014-01-17 10:16:22'),
(3,1000,'admin','システム管理者',100,'SYSTEM','システム管理',1,'閉庁日',1,NULL,NULL,NULL,1,'2014-01-03 00:00:00','2014-01-03 00:00:00','2014-01-17 10:16:22','2014-01-17 10:16:22'),
(4,1000,'admin','システム管理者',100,'SYSTEM','システム管理',1,'成人の日',1,NULL,NULL,NULL,1,'2014-01-13 00:00:00','2014-01-13 00:00:00','2014-01-17 10:16:22','2014-01-17 10:16:22'),
(5,1000,'admin','システム管理者',100,'SYSTEM','システム管理',1,'建国記念の日',1,NULL,NULL,NULL,1,'2014-02-11 00:00:00','2014-02-11 00:00:00','2014-01-17 10:16:22','2014-01-17 10:16:22'),
(6,1000,'admin','システム管理者',100,'SYSTEM','システム管理',1,'春分の日',1,NULL,NULL,NULL,1,'2014-03-21 00:00:00','2014-03-21 00:00:00','2014-01-17 10:16:22','2014-01-17 10:16:22'),
(7,1000,'admin','システム管理者',100,'SYSTEM','システム管理',1,'昭和の日',1,NULL,NULL,NULL,1,'2014-04-29 00:00:00','2014-04-29 00:00:00','2014-01-17 10:16:22','2014-01-17 10:16:22'),
(8,1000,'admin','システム管理者',100,'SYSTEM','システム管理',1,'憲法記念日',1,NULL,NULL,NULL,1,'2014-05-03 00:00:00','2014-05-03 00:00:00','2014-01-17 10:16:22','2014-01-17 10:16:22'),
(9,1000,'admin','システム管理者',100,'SYSTEM','システム管理',1,'みどりの日',1,NULL,NULL,NULL,1,'2014-05-04 00:00:00','2014-05-04 00:00:00','2014-01-17 10:16:22','2014-01-17 10:16:22'),
(10,1000,'admin','システム管理者',100,'SYSTEM','システム管理',1,'こどもの日',1,NULL,NULL,NULL,1,'2014-05-05 00:00:00','2014-05-05 00:00:00','2014-01-17 10:16:22','2014-01-17 10:16:22'),
(11,1000,'admin','システム管理者',100,'SYSTEM','システム管理',1,'海の日',1,NULL,NULL,NULL,1,'2014-07-21 00:00:00','2014-07-21 00:00:00','2014-01-17 10:16:22','2014-01-17 10:16:22'),
(12,1000,'admin','システム管理者',100,'SYSTEM','システム管理',1,'敬老の日',1,NULL,NULL,NULL,1,'2014-09-15 00:00:00','2014-09-15 00:00:00','2014-01-17 10:16:22','2014-01-17 10:16:22'),
(13,1000,'admin','システム管理者',100,'SYSTEM','システム管理',1,'秋分の日',1,NULL,NULL,NULL,1,'2014-09-23 00:00:00','2014-09-23 00:00:00','2014-01-17 10:16:22','2014-01-17 10:16:22'),
(14,1000,'admin','システム管理者',100,'SYSTEM','システム管理',1,'体育の日',1,NULL,NULL,NULL,1,'2014-10-13 00:00:00','2014-10-13 00:00:00','2014-01-17 10:16:22','2014-01-17 10:16:22'),
(15,1000,'admin','システム管理者',100,'SYSTEM','システム管理',1,'文化の日',1,NULL,NULL,NULL,1,'2014-11-03 00:00:00','2014-11-03 00:00:00','2014-01-17 10:16:22','2014-01-17 10:16:22'),
(16,1000,'admin','システム管理者',100,'SYSTEM','システム管理',1,'勤労感謝の日',1,NULL,NULL,NULL,1,'2014-11-23 00:00:00','2014-11-23 00:00:00','2014-01-17 10:16:22','2014-01-17 10:16:22'),
(17,1000,'admin','システム管理者',100,'SYSTEM','システム管理',1,'振替休日',1,NULL,NULL,NULL,1,'2014-11-24 00:00:00','2014-11-24 00:00:00','2014-01-17 10:16:22','2014-01-17 10:16:22'),
(18,1000,'admin','システム管理者',100,'SYSTEM','システム管理',1,'天皇誕生日',1,NULL,NULL,NULL,1,'2014-12-23 00:00:00','2014-12-23 00:00:00','2014-01-17 10:16:22','2014-01-17 10:16:22'),
(19,1000,'admin','システム管理者',100,'SYSTEM','システム管理',1,'閉庁日',1,NULL,NULL,NULL,1,'2014-12-29 00:00:00','2014-12-29 00:00:00','2014-01-17 10:16:22','2014-01-17 10:16:22'),
(20,1000,'admin','システム管理者',100,'SYSTEM','システム管理',1,'閉庁日',1,NULL,NULL,NULL,1,'2014-12-30 00:00:00','2014-12-30 00:00:00','2014-01-17 10:16:22','2014-01-17 10:16:22'),
(21,1000,'admin','システム管理者',100,'SYSTEM','システム管理',1,'閉庁日',1,NULL,NULL,NULL,1,'2014-12-31 00:00:00','2014-12-31 00:00:00','2014-01-17 10:16:22','2014-01-17 10:16:22'),
(22,1000,'admin','システム管理者',100,'SYSTEM','システム管理',1,'元日',1,NULL,NULL,NULL,1,'2015-01-01 00:00:00','2015-01-01 00:00:00','2014-01-17 10:16:22','2014-01-17 10:16:22'),
(23,1000,'admin','システム管理者',100,'SYSTEM','システム管理',1,'閉庁日',1,NULL,NULL,NULL,1,'2015-01-02 00:00:00','2015-01-02 00:00:00','2014-01-17 10:16:22','2014-01-17 10:16:22'),
(24,1000,'admin','システム管理者',100,'SYSTEM','システム管理',1,'閉庁日',1,NULL,NULL,NULL,1,'2015-01-03 00:00:00','2015-01-03 00:00:00','2014-01-17 10:16:22','2014-01-17 10:16:22'),
(25,1000,'admin','システム管理者',100,'SYSTEM','システム管理',1,'成人の日',1,NULL,NULL,NULL,1,'2015-01-12 00:00:00','2015-01-12 00:00:00','2014-01-17 10:16:22','2014-01-17 10:16:22'),
(26,1000,'admin','システム管理者',100,'SYSTEM','システム管理',1,'建国記念の日',1,NULL,NULL,NULL,1,'2015-02-11 00:00:00','2015-02-11 00:00:00','2014-01-17 10:16:22','2014-01-17 10:16:22'),
(27,1000,'admin','システム管理者',100,'SYSTEM','システム管理',1,'春分の日',1,NULL,NULL,NULL,1,'2015-03-21 00:00:00','2015-03-21 00:00:00','2014-01-17 10:16:22','2014-01-17 10:16:22'),
(28,1000,'admin','システム管理者',100,'SYSTEM','システム管理',1,'昭和の日',1,NULL,NULL,NULL,1,'2015-04-29 00:00:00','2015-04-29 00:00:00','2014-01-17 10:16:22','2014-01-17 10:16:22'),
(29,1000,'admin','システム管理者',100,'SYSTEM','システム管理',1,'憲法記念日',1,NULL,NULL,NULL,1,'2015-05-03 00:00:00','2015-05-03 00:00:00','2014-01-17 10:16:22','2014-01-17 10:16:22'),
(30,1000,'admin','システム管理者',100,'SYSTEM','システム管理',1,'みどりの日',1,NULL,NULL,NULL,1,'2015-05-04 00:00:00','2015-05-04 00:00:00','2014-01-17 10:16:22','2014-01-17 10:16:22'),
(31,1000,'admin','システム管理者',100,'SYSTEM','システム管理',1,'こどもの日',1,NULL,NULL,NULL,1,'2015-05-05 00:00:00','2015-05-05 00:00:00','2014-01-17 10:16:22','2014-01-17 10:16:22'),
(32,1000,'admin','システム管理者',100,'SYSTEM','システム管理',1,'海の日',1,NULL,NULL,NULL,1,'2015-07-20 00:00:00','2015-07-20 00:00:00','2014-01-17 10:16:22','2014-01-17 10:16:22'),
(33,1000,'admin','システム管理者',100,'SYSTEM','システム管理',1,'敬老の日',1,NULL,NULL,NULL,1,'2015-09-21 00:00:00','2015-09-21 00:00:00','2014-01-17 10:16:22','2014-01-17 10:16:22'),
(34,1000,'admin','システム管理者',100,'SYSTEM','システム管理',1,'国民の休日',1,NULL,NULL,NULL,1,'2015-09-22 00:00:00','2015-09-22 00:00:00','2014-01-17 10:16:22','2014-01-17 10:16:22'),
(35,1000,'admin','システム管理者',100,'SYSTEM','システム管理',1,'秋分の日',1,NULL,NULL,NULL,1,'2015-09-23 00:00:00','2015-09-23 00:00:00','2014-01-17 10:16:22','2014-01-17 10:16:22'),
(36,1000,'admin','システム管理者',100,'SYSTEM','システム管理',1,'体育の日',1,NULL,NULL,NULL,1,'2015-10-12 00:00:00','2015-10-12 00:00:00','2014-01-17 10:16:22','2014-01-17 10:16:22'),
(37,1000,'admin','システム管理者',100,'SYSTEM','システム管理',1,'文化の日',1,NULL,NULL,NULL,1,'2015-11-03 00:00:00','2015-11-03 00:00:00','2014-01-17 10:16:22','2014-01-17 10:16:22'),
(38,1000,'admin','システム管理者',100,'SYSTEM','システム管理',1,'勤労感謝の日',1,NULL,NULL,NULL,1,'2015-11-23 00:00:00','2015-11-23 00:00:00','2014-01-17 10:16:22','2014-01-17 10:16:22'),
(39,1000,'admin','システム管理者',100,'SYSTEM','システム管理',1,'天皇誕生日',1,NULL,NULL,NULL,1,'2015-12-23 00:00:00','2015-12-23 00:00:00','2014-01-17 10:16:22','2014-01-17 10:16:22'),
(40,1000,'admin','システム管理者',100,'SYSTEM','システム管理',1,'閉庁日',1,NULL,NULL,NULL,1,'2015-12-29 00:00:00','2015-12-29 00:00:00','2014-01-17 10:16:22','2014-01-17 10:16:22'),
(41,1000,'admin','システム管理者',100,'SYSTEM','システム管理',1,'閉庁日',1,NULL,NULL,NULL,1,'2015-12-30 00:00:00','2015-12-30 00:00:00','2014-01-17 10:16:22','2014-01-17 10:16:22'),
(42,1000,'admin','システム管理者',100,'SYSTEM','システム管理',1,'閉庁日',1,NULL,NULL,NULL,1,'2015-12-31 00:00:00','2015-12-31 00:00:00','2014-01-17 10:16:22','2014-01-17 10:16:22'),
(43,1000,'admin','システム管理者',100,'SYSTEM','システム管理',1,'元日',1,NULL,NULL,NULL,1,'2016-01-01 00:00:00','2016-01-01 00:00:00','2014-01-17 10:16:22','2014-01-17 10:16:22'),
(44,1000,'admin','システム管理者',100,'SYSTEM','システム管理',1,'閉庁日',1,NULL,NULL,NULL,1,'2016-01-02 00:00:00','2016-01-02 00:00:00','2014-01-17 10:16:22','2014-01-17 10:16:22'),
(45,1000,'admin','システム管理者',100,'SYSTEM','システム管理',1,'閉庁日',1,NULL,NULL,NULL,1,'2016-01-03 00:00:00','2016-01-03 00:00:00','2014-01-17 10:16:22','2014-01-17 10:16:22'),
(46,1000,'admin','システム管理者',100,'SYSTEM','システム管理',1,'成人の日',1,NULL,NULL,NULL,1,'2016-01-11 00:00:00','2016-01-11 00:00:00','2014-01-17 10:16:22','2014-01-17 10:16:22'),
(47,1000,'admin','システム管理者',100,'SYSTEM','システム管理',1,'建国記念の日',1,NULL,NULL,NULL,1,'2016-02-11 00:00:00','2016-02-11 00:00:00','2014-01-17 10:16:22','2014-01-17 10:16:22'),
(48,1000,'admin','システム管理者',100,'SYSTEM','システム管理',1,'春分の日',1,NULL,NULL,NULL,1,'2016-03-20 00:00:00','2016-03-20 00:00:00','2014-01-17 10:16:22','2014-01-17 10:16:22'),
(49,1000,'admin','システム管理者',100,'SYSTEM','システム管理',1,'振替休日',1,NULL,NULL,NULL,1,'2016-03-21 00:00:00','2016-03-21 00:00:00','2014-01-17 10:16:22','2014-01-17 10:16:22'),
(50,1000,'admin','システム管理者',100,'SYSTEM','システム管理',1,'昭和の日',1,NULL,NULL,NULL,1,'2016-04-29 00:00:00','2016-04-29 00:00:00','2014-01-17 10:16:22','2014-01-17 10:16:22'),
(51,1000,'admin','システム管理者',100,'SYSTEM','システム管理',1,'憲法記念日',1,NULL,NULL,NULL,1,'2016-05-03 00:00:00','2016-05-03 00:00:00','2014-01-17 10:16:22','2014-01-17 10:16:22'),
(52,1000,'admin','システム管理者',100,'SYSTEM','システム管理',1,'みどりの日',1,NULL,NULL,NULL,1,'2016-05-04 00:00:00','2016-05-04 00:00:00','2014-01-17 10:16:22','2014-01-17 10:16:22'),
(53,1000,'admin','システム管理者',100,'SYSTEM','システム管理',1,'こどもの日',1,NULL,NULL,NULL,1,'2016-05-05 00:00:00','2016-05-05 00:00:00','2014-01-17 10:16:22','2014-01-17 10:16:22'),
(54,1000,'admin','システム管理者',100,'SYSTEM','システム管理',1,'海の日',1,NULL,NULL,NULL,1,'2016-07-18 00:00:00','2016-07-18 00:00:00','2014-01-17 10:16:22','2014-01-17 10:16:22'),
(55,1000,'admin','システム管理者',100,'SYSTEM','システム管理',1,'山の日',1,NULL,NULL,NULL,1,'2016-08-11 00:00:00','2016-08-11 00:00:00','2014-01-17 10:16:22','2014-01-17 10:16:22'),
(56,1000,'admin','システム管理者',100,'SYSTEM','システム管理',1,'敬老の日',1,NULL,NULL,NULL,1,'2016-09-19 00:00:00','2016-09-19 00:00:00','2014-01-17 10:16:22','2014-01-17 10:16:22'),
(57,1000,'admin','システム管理者',100,'SYSTEM','システム管理',1,'秋分の日',1,NULL,NULL,NULL,1,'2016-09-22 00:00:00','2016-09-22 00:00:00','2014-01-17 10:16:22','2014-01-17 10:16:22'),
(58,1000,'admin','システム管理者',100,'SYSTEM','システム管理',1,'体育の日',1,NULL,NULL,NULL,1,'2016-10-10 00:00:00','2016-10-10 00:00:00','2014-01-17 10:16:22','2014-01-17 10:16:22'),
(59,1000,'admin','システム管理者',100,'SYSTEM','システム管理',1,'文化の日',1,NULL,NULL,NULL,1,'2016-11-03 00:00:00','2016-11-03 00:00:00','2014-01-17 10:16:22','2014-01-17 10:16:22'),
(60,1000,'admin','システム管理者',100,'SYSTEM','システム管理',1,'勤労感謝の日',1,NULL,NULL,NULL,1,'2016-11-23 00:00:00','2016-11-23 00:00:00','2014-01-17 10:16:22','2014-01-17 10:16:22'),
(61,1000,'admin','システム管理者',100,'SYSTEM','システム管理',1,'天皇誕生日',1,NULL,NULL,NULL,1,'2016-12-23 00:00:00','2016-12-23 00:00:00','2014-01-17 10:16:22','2014-01-17 10:16:22'),
(62,1000,'admin','システム管理者',100,'SYSTEM','システム管理',1,'閉庁日',1,NULL,NULL,NULL,1,'2016-12-29 00:00:00','2016-12-29 00:00:00','2014-01-17 10:16:22','2014-01-17 10:16:22'),
(63,1000,'admin','システム管理者',100,'SYSTEM','システム管理',1,'閉庁日',1,NULL,NULL,NULL,1,'2016-12-30 00:00:00','2016-12-30 00:00:00','2014-01-17 10:16:22','2014-01-17 10:16:22'),
(64,1000,'admin','システム管理者',100,'SYSTEM','システム管理',1,'元日',1,NULL,NULL,NULL,1,'2017-01-01 00:00:00','2017-01-01 00:00:00','2014-01-17 10:16:22','2014-01-17 10:16:22'),
(65,1000,'admin','システム管理者',100,'SYSTEM','システム管理',1,'振替休日',1,NULL,NULL,NULL,1,'2017-01-02 00:00:00','2017-01-02 00:00:00','2014-01-17 10:16:22','2014-01-17 10:16:22'),
(66,1000,'admin','システム管理者',100,'SYSTEM','システム管理',1,'閉庁日',1,NULL,NULL,NULL,1,'2017-01-03 00:00:00','2017-01-03 00:00:00','2014-01-17 10:16:22','2014-01-17 10:16:22'),
(67,1000,'admin','システム管理者',100,'SYSTEM','システム管理',1,'成人の日',1,NULL,NULL,NULL,1,'2017-01-09 00:00:00','2017-01-09 00:00:00','2014-01-17 10:16:22','2014-01-17 10:16:22'),
(68,1000,'admin','システム管理者',100,'SYSTEM','システム管理',1,'建国記念の日',1,NULL,NULL,NULL,1,'2017-02-11 00:00:00','2017-02-11 00:00:00','2014-01-17 10:16:22','2014-01-17 10:16:22'),
(69,1000,'admin','システム管理者',100,'SYSTEM','システム管理',1,'春分の日',1,NULL,NULL,NULL,1,'2017-03-20 00:00:00','2017-03-20 00:00:00','2014-01-17 10:16:22','2014-01-17 10:16:22'),
(70,1000,'admin','システム管理者',100,'SYSTEM','システム管理',1,'昭和の日',1,NULL,NULL,NULL,1,'2017-04-29 00:00:00','2017-04-29 00:00:00','2014-01-17 10:16:22','2014-01-17 10:16:22'),
(71,1000,'admin','システム管理者',100,'SYSTEM','システム管理',1,'憲法記念日',1,NULL,NULL,NULL,1,'2017-05-03 00:00:00','2017-05-03 00:00:00','2014-01-17 10:16:22','2014-01-17 10:16:22'),
(72,1000,'admin','システム管理者',100,'SYSTEM','システム管理',1,'みどりの日',1,NULL,NULL,NULL,1,'2017-05-04 00:00:00','2017-05-04 00:00:00','2014-01-17 10:16:22','2014-01-17 10:16:22'),
(73,1000,'admin','システム管理者',100,'SYSTEM','システム管理',1,'こどもの日',1,NULL,NULL,NULL,1,'2017-05-05 00:00:00','2017-05-05 00:00:00','2014-01-17 10:16:22','2014-01-17 10:16:22'),
(74,1000,'admin','システム管理者',100,'SYSTEM','システム管理',1,'海の日',1,NULL,NULL,NULL,1,'2017-07-17 00:00:00','2017-07-17 00:00:00','2014-01-17 10:16:22','2014-01-17 10:16:22'),
(75,1000,'admin','システム管理者',100,'SYSTEM','システム管理',1,'山の日',1,NULL,NULL,NULL,1,'2017-08-11 00:00:00','2017-08-11 00:00:00','2014-01-17 10:16:22','2014-01-17 10:16:22'),
(76,1000,'admin','システム管理者',100,'SYSTEM','システム管理',1,'敬老の日',1,NULL,NULL,NULL,1,'2017-09-18 00:00:00','2017-09-18 00:00:00','2014-01-17 10:16:22','2014-01-17 10:16:22'),
(77,1000,'admin','システム管理者',100,'SYSTEM','システム管理',1,'秋分の日',1,NULL,NULL,NULL,1,'2017-09-23 00:00:00','2017-09-23 00:00:00','2014-01-17 10:16:22','2014-01-17 10:16:22'),
(78,1000,'admin','システム管理者',100,'SYSTEM','システム管理',1,'体育の日',1,NULL,NULL,NULL,1,'2017-10-09 00:00:00','2017-10-09 00:00:00','2014-01-17 10:16:22','2014-01-17 10:16:22'),
(79,1000,'admin','システム管理者',100,'SYSTEM','システム管理',1,'文化の日',1,NULL,NULL,NULL,1,'2017-11-03 00:00:00','2017-11-03 00:00:00','2014-01-17 10:16:22','2014-01-17 10:16:22'),
(80,1000,'admin','システム管理者',100,'SYSTEM','システム管理',1,'勤労感謝の日',1,NULL,NULL,NULL,1,'2017-11-23 00:00:00','2017-11-23 00:00:00','2014-01-17 10:16:22','2014-01-17 10:16:22'),
(81,1000,'admin','システム管理者',100,'SYSTEM','システム管理',1,'天皇誕生日',1,NULL,NULL,NULL,1,'2017-12-23 00:00:00','2017-12-23 00:00:00','2014-01-17 10:16:22','2014-01-17 10:16:22'),
(82,1000,'admin','システム管理者',100,'SYSTEM','システム管理',1,'閉庁日',1,NULL,NULL,NULL,1,'2017-12-29 00:00:00','2017-12-29 00:00:00','2014-01-17 10:16:22','2014-01-17 10:16:22'),
(83,1000,'admin','システム管理者',100,'SYSTEM','システム管理',1,'閉庁日',1,NULL,NULL,NULL,1,'2017-12-30 00:00:00','2017-12-30 00:00:00','2014-01-17 10:16:22','2014-01-17 10:16:22'),
(84,1000,'admin','システム管理者',100,'SYSTEM','システム管理',1,'閉庁日',1,NULL,NULL,NULL,1,'2017-12-31 00:00:00','2017-12-31 00:00:00','2014-01-17 10:16:22','2014-01-17 10:16:22'),
(85,1000,'admin','システム管理者',100,'SYSTEM','システム管理',1,'元日',1,NULL,NULL,NULL,1,'2018-01-01 00:00:00','2018-01-01 00:00:00','2014-01-17 10:16:22','2014-01-17 10:16:22'),
(86,1000,'admin','システム管理者',100,'SYSTEM','システム管理',1,'閉庁日',1,NULL,NULL,NULL,1,'2018-01-02 00:00:00','2018-01-02 00:00:00','2014-01-17 10:16:22','2014-01-17 10:16:22'),
(87,1000,'admin','システム管理者',100,'SYSTEM','システム管理',1,'閉庁日',1,NULL,NULL,NULL,1,'2018-01-03 00:00:00','2018-01-03 00:00:00','2014-01-17 10:16:22','2014-01-17 10:16:22'),
(88,1000,'admin','システム管理者',100,'SYSTEM','システム管理',1,'成人の日',1,NULL,NULL,NULL,1,'2018-01-08 00:00:00','2018-01-08 00:00:00','2014-01-17 10:16:22','2014-01-17 10:16:22'),
(89,1000,'admin','システム管理者',100,'SYSTEM','システム管理',1,'建国記念の日',1,NULL,NULL,NULL,1,'2018-02-11 00:00:00','2018-02-11 00:00:00','2014-01-17 10:16:22','2014-01-17 10:16:22'),
(90,1000,'admin','システム管理者',100,'SYSTEM','システム管理',1,'振替休日',1,NULL,NULL,NULL,1,'2018-02-12 00:00:00','2018-02-12 00:00:00','2014-01-17 10:16:22','2014-01-17 10:16:22'),
(91,1000,'admin','システム管理者',100,'SYSTEM','システム管理',1,'春分の日',1,NULL,NULL,NULL,1,'2018-03-21 00:00:00','2018-03-21 00:00:00','2014-01-17 10:16:22','2014-01-17 10:16:22'),
(92,1000,'admin','システム管理者',100,'SYSTEM','システム管理',1,'昭和の日',1,NULL,NULL,NULL,1,'2018-04-29 00:00:00','2018-04-29 00:00:00','2014-01-17 10:16:22','2014-01-17 10:16:22'),
(93,1000,'admin','システム管理者',100,'SYSTEM','システム管理',1,'憲法記念日',1,NULL,NULL,NULL,1,'2018-05-03 00:00:00','2018-05-03 00:00:00','2014-01-17 10:16:22','2014-01-17 10:16:22'),
(94,1000,'admin','システム管理者',100,'SYSTEM','システム管理',1,'みどりの日',1,NULL,NULL,NULL,1,'2018-05-04 00:00:00','2018-05-04 00:00:00','2014-01-17 10:16:22','2014-01-17 10:16:22'),
(95,1000,'admin','システム管理者',100,'SYSTEM','システム管理',1,'こどもの日',1,NULL,NULL,NULL,1,'2018-05-05 00:00:00','2018-05-05 00:00:00','2014-01-17 10:16:22','2014-01-17 10:16:22'),
(96,1000,'admin','システム管理者',100,'SYSTEM','システム管理',1,'海の日',1,NULL,NULL,NULL,1,'2018-07-16 00:00:00','2018-07-16 00:00:00','2014-01-17 10:16:22','2014-01-17 10:16:22'),
(97,1000,'admin','システム管理者',100,'SYSTEM','システム管理',1,'山の日',1,NULL,NULL,NULL,1,'2018-08-11 00:00:00','2018-08-11 00:00:00','2014-01-17 10:16:22','2014-01-17 10:16:22'),
(98,1000,'admin','システム管理者',100,'SYSTEM','システム管理',1,'敬老の日',1,NULL,NULL,NULL,1,'2018-09-17 00:00:00','2018-09-17 00:00:00','2014-01-17 10:16:22','2014-01-17 10:16:22'),
(99,1000,'admin','システム管理者',100,'SYSTEM','システム管理',1,'秋分の日',1,NULL,NULL,NULL,1,'2018-09-23 00:00:00','2018-09-23 00:00:00','2014-01-17 10:16:22','2014-01-17 10:16:22'),
(100,1000,'admin','システム管理者',100,'SYSTEM','システム管理',1,'体育の日',1,NULL,NULL,NULL,1,'2018-10-08 00:00:00','2018-10-08 00:00:00','2014-01-17 10:16:22','2014-01-17 10:16:22'),
(101,1000,'admin','システム管理者',100,'SYSTEM','システム管理',1,'文化の日',1,NULL,NULL,NULL,1,'2018-11-03 00:00:00','2018-11-03 00:00:00','2014-01-17 10:16:22','2014-01-17 10:16:22'),
(102,1000,'admin','システム管理者',100,'SYSTEM','システム管理',1,'勤労感謝の日',1,NULL,NULL,NULL,1,'2018-11-23 00:00:00','2018-11-23 00:00:00','2014-01-17 10:16:22','2014-01-17 10:16:22'),
(103,1000,'admin','システム管理者',100,'SYSTEM','システム管理',1,'天皇誕生日',1,NULL,NULL,NULL,1,'2018-12-23 00:00:00','2018-12-23 00:00:00','2014-01-17 10:16:22','2014-01-17 10:16:22'),
(104,1000,'admin','システム管理者',100,'SYSTEM','システム管理',1,'振替休日',1,NULL,NULL,NULL,1,'2018-12-24 00:00:00','2018-12-24 00:00:00','2014-01-17 10:16:22','2014-01-17 10:16:22'),
(105,1000,'admin','システム管理者',100,'SYSTEM','システム管理',1,'閉庁日',1,NULL,NULL,NULL,1,'2018-12-29 00:00:00','2018-12-29 00:00:00','2014-01-17 10:16:22','2014-01-17 10:16:22'),
(106,1000,'admin','システム管理者',100,'SYSTEM','システム管理',1,'閉庁日',1,NULL,NULL,NULL,1,'2018-12-30 00:00:00','2018-12-30 00:00:00','2014-01-17 10:16:22','2014-01-17 10:16:22'),
(107,1000,'admin','システム管理者',100,'SYSTEM','システム管理',1,'閉庁日',1,NULL,NULL,NULL,1,'2018-12-31 00:00:00','2018-12-31 00:00:00','2014-01-17 10:16:22','2014-01-17 10:16:22'),
(108,1000,'admin','システム管理者',100,'SYSTEM','システム管理',1,'元日',1,NULL,NULL,NULL,1,'2019-01-01 00:00:00','2019-01-01 00:00:00','2014-01-17 10:16:22','2014-01-17 10:16:22'),
(109,1000,'admin','システム管理者',100,'SYSTEM','システム管理',1,'閉庁日',1,NULL,NULL,NULL,1,'2019-01-02 00:00:00','2019-01-02 00:00:00','2014-01-17 10:16:22','2014-01-17 10:16:22'),
(110,1000,'admin','システム管理者',100,'SYSTEM','システム管理',1,'閉庁日',1,NULL,NULL,NULL,1,'2019-01-03 00:00:00','2019-01-03 00:00:00','2014-01-17 10:16:22','2014-01-17 10:16:22'),
(111,1000,'admin','システム管理者',100,'SYSTEM','システム管理',1,'成人の日',1,NULL,NULL,NULL,1,'2019-01-14 00:00:00','2019-01-14 00:00:00','2014-01-17 10:16:22','2014-01-17 10:16:22'),
(112,1000,'admin','システム管理者',100,'SYSTEM','システム管理',1,'建国記念の日',1,NULL,NULL,NULL,1,'2019-02-11 00:00:00','2019-02-11 00:00:00','2014-01-17 10:16:22','2014-01-17 10:16:22'),
(113,1000,'admin','システム管理者',100,'SYSTEM','システム管理',1,'春分の日',1,NULL,NULL,NULL,1,'2019-03-21 00:00:00','2019-03-21 00:00:00','2014-01-17 10:16:22','2014-01-17 10:16:22'),
(114,1000,'admin','システム管理者',100,'SYSTEM','システム管理',1,'昭和の日',1,NULL,NULL,NULL,1,'2019-04-29 00:00:00','2019-04-29 00:00:00','2014-01-17 10:16:22','2014-01-17 10:16:22'),
(115,1000,'admin','システム管理者',100,'SYSTEM','システム管理',1,'憲法記念日',1,NULL,NULL,NULL,1,'2019-05-03 00:00:00','2019-05-03 00:00:00','2014-01-17 10:16:22','2014-01-17 10:16:22'),
(116,1000,'admin','システム管理者',100,'SYSTEM','システム管理',1,'みどりの日',1,NULL,NULL,NULL,1,'2019-05-04 00:00:00','2019-05-04 00:00:00','2014-01-17 10:16:22','2014-01-17 10:16:22'),
(117,1000,'admin','システム管理者',100,'SYSTEM','システム管理',1,'こどもの日',1,NULL,NULL,NULL,1,'2019-05-05 00:00:00','2019-05-05 00:00:00','2014-01-17 10:16:22','2014-01-17 10:16:22'),
(118,1000,'admin','システム管理者',100,'SYSTEM','システム管理',1,'振替休日',1,NULL,NULL,NULL,1,'2019-05-06 00:00:00','2019-05-06 00:00:00','2014-01-17 10:16:22','2014-01-17 10:16:22'),
(119,1000,'admin','システム管理者',100,'SYSTEM','システム管理',1,'海の日',1,NULL,NULL,NULL,1,'2019-07-15 00:00:00','2019-07-15 00:00:00','2014-01-17 10:16:22','2014-01-17 10:16:22'),
(120,1000,'admin','システム管理者',100,'SYSTEM','システム管理',1,'山の日',1,NULL,NULL,NULL,1,'2019-08-11 00:00:00','2019-08-11 00:00:00','2014-01-17 10:16:22','2014-01-17 10:16:22'),
(121,1000,'admin','システム管理者',100,'SYSTEM','システム管理',1,'敬老の日',1,NULL,NULL,NULL,1,'2019-09-16 00:00:00','2019-09-16 00:00:00','2014-01-17 10:16:22','2014-01-17 10:16:22'),
(122,1000,'admin','システム管理者',100,'SYSTEM','システム管理',1,'秋分の日',1,NULL,NULL,NULL,1,'2019-09-23 00:00:00','2019-09-23 00:00:00','2014-01-17 10:16:22','2014-01-17 10:16:22'),
(123,1000,'admin','システム管理者',100,'SYSTEM','システム管理',1,'体育の日',1,NULL,NULL,NULL,1,'2019-10-14 00:00:00','2019-10-14 00:00:00','2014-01-17 10:16:22','2014-01-17 10:16:22'),
(124,1000,'admin','システム管理者',100,'SYSTEM','システム管理',1,'文化の日',1,NULL,NULL,NULL,1,'2019-11-03 00:00:00','2019-11-03 00:00:00','2014-01-17 10:16:22','2014-01-17 10:16:22'),
(125,1000,'admin','システム管理者',100,'SYSTEM','システム管理',1,'振替休日',1,NULL,NULL,NULL,1,'2019-11-04 00:00:00','2019-11-04 00:00:00','2014-01-17 10:16:22','2014-01-17 10:16:22'),
(126,1000,'admin','システム管理者',100,'SYSTEM','システム管理',1,'勤労感謝の日',1,NULL,NULL,NULL,1,'2019-11-23 00:00:00','2019-11-23 00:00:00','2014-01-17 10:16:22','2014-01-17 10:16:22'),
(127,1000,'admin','システム管理者',100,'SYSTEM','システム管理',1,'天皇誕生日',1,NULL,NULL,NULL,1,'2019-12-23 00:00:00','2019-12-23 00:00:00','2014-01-17 10:16:22','2014-01-17 10:16:22'),
(128,1000,'admin','システム管理者',100,'SYSTEM','システム管理',1,'閉庁日',1,NULL,NULL,NULL,1,'2019-12-29 00:00:00','2019-12-29 00:00:00','2014-01-17 10:16:22','2014-01-17 10:16:22'),
(129,1000,'admin','システム管理者',100,'SYSTEM','システム管理',1,'閉庁日',1,NULL,NULL,NULL,1,'2019-12-30 00:00:00','2019-12-30 00:00:00','2014-01-17 10:16:22','2014-01-17 10:16:22'),
(130,1000,'admin','システム管理者',100,'SYSTEM','システム管理',1,'閉庁日',1,NULL,NULL,NULL,1,'2019-12-31 00:00:00','2019-12-31 00:00:00','2014-01-17 10:16:22','2014-01-17 10:16:22'),
(131,1000,'admin','システム管理者',100,'SYSTEM','システム管理',1,'元日',1,NULL,NULL,NULL,1,'2020-01-01 00:00:00','2020-01-01 00:00:00','2014-01-17 10:16:22','2014-01-17 10:16:22'),
(132,1000,'admin','システム管理者',100,'SYSTEM','システム管理',1,'閉庁日',1,NULL,NULL,NULL,1,'2020-01-02 00:00:00','2020-01-02 00:00:00','2014-01-17 10:16:22','2014-01-17 10:16:22'),
(133,1000,'admin','システム管理者',100,'SYSTEM','システム管理',1,'閉庁日',1,NULL,NULL,NULL,1,'2020-01-03 00:00:00','2020-01-03 00:00:00','2014-01-17 10:16:22','2014-01-17 10:16:22'),
(134,1000,'admin','システム管理者',100,'SYSTEM','システム管理',1,'成人の日',1,NULL,NULL,NULL,1,'2020-01-13 00:00:00','2020-01-13 00:00:00','2014-01-17 10:16:22','2014-01-17 10:16:22'),
(135,1000,'admin','システム管理者',100,'SYSTEM','システム管理',1,'建国記念の日',1,NULL,NULL,NULL,1,'2020-02-11 00:00:00','2020-02-11 00:00:00','2014-01-17 10:16:22','2014-01-17 10:16:22'),
(136,1000,'admin','システム管理者',100,'SYSTEM','システム管理',1,'春分の日',1,NULL,NULL,NULL,1,'2020-03-20 00:00:00','2020-03-20 00:00:00','2014-01-17 10:16:22','2014-01-17 10:16:22'),
(137,1000,'admin','システム管理者',100,'SYSTEM','システム管理',1,'昭和の日',1,NULL,NULL,NULL,1,'2020-04-29 00:00:00','2020-04-29 00:00:00','2014-01-17 10:16:22','2014-01-17 10:16:22'),
(138,1000,'admin','システム管理者',100,'SYSTEM','システム管理',1,'憲法記念日',1,NULL,NULL,NULL,1,'2020-05-03 00:00:00','2020-05-03 00:00:00','2014-01-17 10:16:22','2014-01-17 10:16:22'),
(139,1000,'admin','システム管理者',100,'SYSTEM','システム管理',1,'みどりの日',1,NULL,NULL,NULL,1,'2020-05-04 00:00:00','2020-05-04 00:00:00','2014-01-17 10:16:22','2014-01-17 10:16:22'),
(140,1000,'admin','システム管理者',100,'SYSTEM','システム管理',1,'こどもの日',1,NULL,NULL,NULL,1,'2020-05-05 00:00:00','2020-05-05 00:00:00','2014-01-17 10:16:22','2014-01-17 10:16:22'),
(141,1000,'admin','システム管理者',100,'SYSTEM','システム管理',1,'海の日',1,NULL,NULL,NULL,1,'2020-07-20 00:00:00','2020-07-20 00:00:00','2014-01-17 10:16:22','2014-01-17 10:16:22'),
(142,1000,'admin','システム管理者',100,'SYSTEM','システム管理',1,'山の日',1,NULL,NULL,NULL,1,'2020-08-11 00:00:00','2019-08-20 00:00:00','2014-01-17 10:16:22','2014-01-17 10:16:22'),
(143,1000,'admin','システム管理者',100,'SYSTEM','システム管理',1,'敬老の日',1,NULL,NULL,NULL,1,'2020-09-21 00:00:00','2020-09-21 00:00:00','2014-01-17 10:16:22','2014-01-17 10:16:22'),
(144,1000,'admin','システム管理者',100,'SYSTEM','システム管理',1,'秋分の日',1,NULL,NULL,NULL,1,'2020-09-22 00:00:00','2020-09-22 00:00:00','2014-01-17 10:16:22','2014-01-17 10:16:22'),
(145,1000,'admin','システム管理者',100,'SYSTEM','システム管理',1,'体育の日',1,NULL,NULL,NULL,1,'2020-10-12 00:00:00','2020-10-12 00:00:00','2014-01-17 10:16:22','2014-01-17 10:16:22'),
(146,1000,'admin','システム管理者',100,'SYSTEM','システム管理',1,'文化の日',1,NULL,NULL,NULL,1,'2020-11-03 00:00:00','2020-11-03 00:00:00','2014-01-17 10:16:22','2014-01-17 10:16:22'),
(147,1000,'admin','システム管理者',100,'SYSTEM','システム管理',1,'勤労感謝の日',1,NULL,NULL,NULL,1,'2020-11-23 00:00:00','2020-11-23 00:00:00','2014-01-17 10:16:22','2014-01-17 10:16:22'),
(148,1000,'admin','システム管理者',100,'SYSTEM','システム管理',1,'天皇誕生日',1,NULL,NULL,NULL,1,'2020-12-23 00:00:00','2020-12-23 00:00:00','2014-01-17 10:16:22','2014-01-17 10:16:22'),
(149,1000,'admin','システム管理者',100,'SYSTEM','システム管理',1,'閉庁日',1,NULL,NULL,NULL,1,'2020-12-29 00:00:00','2020-12-29 00:00:00','2014-01-17 10:16:22','2014-01-17 10:16:22'),
(150,1000,'admin','システム管理者',100,'SYSTEM','システム管理',1,'閉庁日',1,NULL,NULL,NULL,1,'2020-12-30 00:00:00','2020-12-30 00:00:00','2014-01-17 10:16:22','2014-01-17 10:16:22'),
(151,1000,'admin','システム管理者',100,'SYSTEM','システム管理',1,'閉庁日',1,NULL,NULL,NULL,1,'2020-12-31 00:00:00','2020-12-31 00:00:00','2014-01-17 10:16:22','2014-01-17 10:16:22');
/*!40000 ALTER TABLE `gw_holidays` ENABLE KEYS */;
UNLOCK TABLES;

--
-- Dumping data for table `gw_icon_groups`
--


--
-- Dumping data for table `gw_icons`
--


--
-- Dumping data for table `gw_ind_portal_pieces`
--


--
-- Dumping data for table `gw_infos`
--


--
-- Dumping data for table `gw_memo_mobiles`
--

LOCK TABLES `gw_memo_mobiles` WRITE;
/*!40000 ALTER TABLE `gw_memo_mobiles` DISABLE KEYS */;
INSERT INTO `gw_memo_mobiles` (`id`, `domain`, `created_at`, `updated_at`) VALUES
(1,'docomo.ne.jp','2010-12-07 13:49:52','2010-12-07 13:49:52'),
(2,'ezweb.ne.jp','2010-12-07 13:49:52','2010-12-07 13:49:52'),
(3,'softbank.ne.jp','2010-12-07 13:49:52','2010-12-07 13:49:52'),
(4,'d.vodafone.ne.jp','2010-12-07 13:49:52','2010-12-07 13:49:52'),
(5,'h.vodafone.ne.jp','2010-12-07 13:49:52','2010-12-07 13:49:52'),
(6,'t.vodafone.ne.jp','2010-12-07 13:49:52','2010-12-07 13:49:52'),
(7,'c.vodafone.ne.jp','2010-12-07 13:49:52','2010-12-07 13:49:52'),
(8,'r.vodafone.ne.jp','2010-12-07 13:49:52','2010-12-07 13:49:52'),
(9,'k.vodafone.ne.jp','2010-12-07 13:49:52','2010-12-07 13:49:52'),
(10,'n.vodafone.ne.jp','2010-12-07 13:49:52','2010-12-07 13:49:52'),
(11,'s.vodafone.ne.jp','2010-12-07 13:49:52','2010-12-07 13:49:52'),
(12,'q.vodafone.ne.jp','2010-12-07 13:49:52','2010-12-07 13:49:52'),
(13,'pdx.ne.jp','2010-12-08 20:16:06','2010-12-08 20:16:06');
/*!40000 ALTER TABLE `gw_memo_mobiles` ENABLE KEYS */;
UNLOCK TABLES;

--
-- Dumping data for table `gw_memo_users`
--


--
-- Dumping data for table `gw_memos`
--


--
-- Dumping data for table `gw_monitor_reminders`
--


--
-- Dumping data for table `gw_notes`
--


--
-- Dumping data for table `gw_plus_updates`
--


--
-- Dumping data for table `gw_portal_adds`
--


--
-- Dumping data for table `gw_portal_user_settings`
--


--
-- Dumping data for table `gw_pref_assembly_members`
--


--
-- Dumping data for table `gw_pref_directors`
--


--
-- Dumping data for table `gw_pref_executives`
--


--
-- Dumping data for table `gw_prop_admin_setting_roles`
--


--
-- Dumping data for table `gw_prop_admin_settings`
--


--
-- Dumping data for table `gw_prop_group_settings`
--

LOCK TABLES `gw_prop_group_settings` WRITE;
/*!40000 ALTER TABLE `gw_prop_group_settings` DISABLE KEYS */;
INSERT INTO `gw_prop_group_settings` (`id`, `prop_group_id`, `prop_other_id`, `created_at`, `updated_at`) VALUES 
(1,3,1,'2014-04-24 14:07:20','2014-04-24 14:07:20'),
(2,4,7,'2014-04-24 14:07:20','2014-04-24 14:07:20'),
(3,4,8,'2014-04-24 14:07:20','2014-04-24 14:07:20'),
(4,4,9,'2014-04-24 14:07:20','2014-04-24 14:07:20'),
(5,10,19,'2014-04-24 14:07:20','2014-04-24 14:07:20'),
(6,10,21,'2014-04-24 14:07:20','2014-04-24 14:07:20'),
(7,11,17,'2014-04-24 14:07:20','2014-04-24 14:07:20'),
(8,11,75,'2014-04-24 14:07:20','2014-04-24 14:07:20'),
(9,11,76,'2014-04-24 14:07:20','2014-04-24 14:07:20');
/*!40000 ALTER TABLE `gw_prop_group_settings` ENABLE KEYS */;
UNLOCK TABLES;

--
-- Dumping data for table `gw_prop_groups`
--

LOCK TABLES `gw_prop_groups` WRITE;
/*!40000 ALTER TABLE `gw_prop_groups` DISABLE KEYS */;
INSERT INTO `gw_prop_groups` (`id`, `state`, `name`, `sort_no`, `parent_id`, `created_at`, `updated_at`, `deleted_at`) VALUES 
(2,'public','本庁会議室',100000,1,'2014-01-16 13:15:34','2014-01-16 13:15:34',NULL),
(3,'public','本館１階',110200,2,'2014-01-16 13:16:22','2014-01-16 13:16:22',NULL),
(4,'public','本館２階',110300,2,'2014-01-16 13:16:51','2014-01-16 13:16:51',NULL),
(10,'public','本庁公用車',200000,1,'2014-01-16 13:24:12','2014-01-16 13:24:12',NULL),
(11,'public','本庁備品',300000,1,'2014-01-16 13:24:44','2014-01-16 13:24:44',NULL);
/*!40000 ALTER TABLE `gw_prop_groups` ENABLE KEYS */;
UNLOCK TABLES;

--
-- Dumping data for table `gw_prop_other_images`
--

LOCK TABLES `gw_prop_other_images` WRITE;
/*!40000 ALTER TABLE `gw_prop_other_images` DISABLE KEYS */;
/*!40000 ALTER TABLE `gw_prop_other_images` ENABLE KEYS */;
UNLOCK TABLES;

--
-- Dumping data for table `gw_prop_other_limits`
--

LOCK TABLES `gw_prop_other_limits` WRITE;
/*!40000 ALTER TABLE `gw_prop_other_limits` DISABLE KEYS */;
INSERT INTO `gw_prop_other_limits` (`id`, `sort_no`, `state`, `gid`, `limit`, `created_at`, `updated_at`) VALUES 
(1,1010,'enabled',111,20,'2014-01-16 15:52:28','2014-04-24 14:06:10'),
(2,2010,'enabled',121,20,'2014-01-16 15:52:28','2014-04-24 14:06:10'),
(3,2020,'enabled',122,20,'2014-01-16 15:52:28','2014-04-24 14:06:10'),
(4,2030,'enabled',123,20,'2014-01-16 15:52:28','2014-04-24 14:06:10'),
(5,3010,'enabled',131,20,'2014-01-16 15:52:28','2014-04-24 14:06:10');
/*!40000 ALTER TABLE `gw_prop_other_limits` ENABLE KEYS */;
UNLOCK TABLES;

--
-- Dumping data for table `gw_prop_other_roles`
--

LOCK TABLES `gw_prop_other_roles` WRITE;
/*!40000 ALTER TABLE `gw_prop_other_roles` DISABLE KEYS */;
INSERT INTO `gw_prop_other_roles` (`id`, `prop_id`, `gid`, `auth`, `created_at`, `updated_at`) VALUES 
(1,1,123,'admin','2014-04-24 14:57:16','2014-04-24 14:57:16'),
(2,1,0,'edit','2014-04-24 14:57:16','2014-04-24 14:57:16'),
(3,1,0,'read','2014-04-24 14:57:16','2014-04-24 14:57:16'),
(4,7,123,'admin','2014-04-24 14:58:12','2014-04-24 14:58:12'),
(5,7,0,'edit','2014-04-24 14:58:12','2014-04-24 14:58:12'),
(6,7,0,'read','2014-04-24 14:58:12','2014-04-24 14:58:12'),
(7,8,123,'admin','2014-04-24 14:59:10','2014-04-24 14:59:10'),
(8,8,0,'edit','2014-04-24 14:59:10','2014-04-24 14:59:10'),
(9,8,0,'read','2014-04-24 14:59:10','2014-04-24 14:59:10'),
(10,9,123,'admin','2014-04-24 14:59:52','2014-04-24 14:59:52'),
(11,9,0,'edit','2014-04-24 14:59:52','2014-04-24 14:59:52'),
(12,9,0,'read','2014-04-24 14:59:52','2014-04-24 14:59:52'),
(13,17,123,'admin','2014-04-24 15:00:26','2014-04-24 15:00:26'),
(14,17,0,'edit','2014-04-24 15:00:26','2014-04-24 15:00:26'),
(15,17,0,'read','2014-04-24 15:00:26','2014-04-24 15:00:26'),
(16,18,123,'admin','2014-04-24 15:01:07','2014-04-24 15:01:07'),
(17,18,0,'edit','2014-04-24 15:01:07','2014-04-24 15:01:07'),
(18,18,0,'read','2014-04-24 15:01:08','2014-04-24 15:01:08'),
(19,19,123,'admin','2014-04-24 15:01:48','2014-04-24 15:01:48'),
(20,19,0,'edit','2014-04-24 15:01:48','2014-04-24 15:01:48'),
(21,19,0,'read','2014-04-24 15:01:48','2014-04-24 15:01:48'),
(22,21,123,'admin','2014-04-24 15:02:26','2014-04-24 15:02:26'),
(23,21,0,'edit','2014-04-24 15:02:26','2014-04-24 15:02:26'),
(24,21,0,'read','2014-04-24 15:02:26','2014-04-24 15:02:26'),
(25,74,123,'admin','2014-04-24 15:03:05','2014-04-24 15:03:05'),
(26,74,0,'edit','2014-04-24 15:03:05','2014-04-24 15:03:05'),
(27,74,0,'read','2014-04-24 15:03:05','2014-04-24 15:03:05'),
(28,75,123,'admin','2014-04-24 15:03:40','2014-04-24 15:03:40'),
(29,75,0,'edit','2014-04-24 15:03:40','2014-04-24 15:03:40'),
(30,75,0,'read','2014-04-24 15:03:40','2014-04-24 15:03:40'),
(31,76,123,'admin','2014-04-24 15:04:29','2014-04-24 15:04:29'),
(32,76,0,'edit','2014-04-24 15:04:29','2014-04-24 15:04:29'),
(33,76,0,'read','2014-04-24 15:04:29','2014-04-24 15:04:29');
/*!40000 ALTER TABLE `gw_prop_other_roles` ENABLE KEYS */;
UNLOCK TABLES;

--
-- Dumping data for table `gw_prop_others`
--

LOCK TABLES `gw_prop_others` WRITE;
/*!40000 ALTER TABLE `gw_prop_others` DISABLE KEYS */;
INSERT INTO `gw_prop_others` (`id`, `sort_no`, `name`, `type_id`, `state`, `edit_state`, `delete_state`, `reserved_state`, `comment`, `created_at`, `updated_at`, `extra_flag`, `extra_data`, `gid`, `gname`, `creator_uid`, `updater_uid`) VALUES 
(1,'1010','集会室',1,NULL,NULL,0,1,'','2014-01-16 13:27:11','2014-04-24 13:13:00',NULL,NULL,123,'情報政策課',1000,1000),
(7,'1020','第２０１会議室',1,NULL,NULL,0,1,'','2014-01-16 13:33:12','2014-04-24 13:14:00',NULL,NULL,123,'情報政策課',1000,1000),
(8,'1030','第２０２会議室',1,NULL,NULL,0,1,'','2014-01-16 13:48:09','2014-04-24 13:15:00',NULL,NULL,123,'情報政策課',1000,1000),
(9,'1040','第２０３会議室',1,NULL,NULL,0,1,'','2014-01-01 00:00:00','2014-04-24 13:16:00',NULL,NULL,123,'情報政策課',1000,1000),
(17,'3010','プロジェクター',3,NULL,NULL,0,1,'','2014-01-01 00:00:00','2014-04-24 13:27:00',NULL,NULL,123,'情報政策課',1000,1000),
(18,'3020','パソコン(パワーポイント入り)①',3,NULL,NULL,0,1,'','2014-01-01 00:00:00','2014-04-24 13:28:00',NULL,NULL,123,'情報政策課',1000,1000),
(19,'2010','11 MT普通車',2,NULL,NULL,0,1,'','2014-01-01 00:00:00','2014-04-24 13:23:00',NULL,NULL,123,'情報政策課',1000,1000),
(21,'2020','12 AT普通車',2,NULL,NULL,0,1,'','2014-01-01 00:00:00','2014-04-24 13:25:00',NULL,NULL,123,'情報政策課',1000,1000),
(74,'3030','パソコン（パワーポイント入り）②',3,NULL,NULL,0,1,'WindowsVista、Power Point2007搭載','2014-03-14 14:30:00','2014-04-24 13:29:00',NULL,NULL,123,'情報政策課',1000,1000),
(75,'3040','外付けCD/DVDドライブ①',3,NULL,NULL,0,1,'USB接続　CD-R、-RW / DVD-RAM、±R、±RW 対応','2014-03-14 15:06:49','2014-04-24 13:30:00',NULL,NULL,123,'情報政策課',1000,1000),
(76,'3050','外付けCD/DVDドライブ②',3,NULL,NULL,0,1,'USB接続　CD-R、-RW / DVD-RAM、±R、±RW 対応','2014-03-14 15:31:24','2014-04-24 13:31:00',NULL,NULL,123,'情報政策課',1000,1000);
/*!40000 ALTER TABLE `gw_prop_others` ENABLE KEYS */;
UNLOCK TABLES;

--
-- Dumping data for table `gw_prop_types`
--

LOCK TABLES `gw_prop_types` WRITE;
/*!40000 ALTER TABLE `gw_prop_types` DISABLE KEYS */;
INSERT INTO `gw_prop_types` (`id`, `state`, `name`, `sort_no`, `created_at`, `updated_at`, `deleted_at`) VALUES 
(1,'public','会議室',100000,'2014-01-16 13:13:29','2014-01-16 13:13:29',NULL),
(2,'public','公用車',200000,'2014-01-16 13:13:53','2014-01-16 13:13:53',NULL),
(3,'public','備品',300000,'2014-01-16 13:14:14','2014-01-16 13:14:14',NULL);
/*!40000 ALTER TABLE `gw_prop_types` ENABLE KEYS */;
UNLOCK TABLES;

--
-- Dumping data for table `gw_reminders`
--

LOCK TABLES `gw_reminders` WRITE;
/*!40000 ALTER TABLE `gw_reminders` DISABLE KEYS */;
/*!40000 ALTER TABLE `gw_reminders` ENABLE KEYS */;
UNLOCK TABLES;

--
-- Dumping data for table `gw_rss_caches`
--

LOCK TABLES `gw_rss_caches` WRITE;
/*!40000 ALTER TABLE `gw_rss_caches` DISABLE KEYS */;
/*!40000 ALTER TABLE `gw_rss_caches` ENABLE KEYS */;
UNLOCK TABLES;

--
-- Dumping data for table `gw_rss_reader_caches`
--

LOCK TABLES `gw_rss_reader_caches` WRITE;
/*!40000 ALTER TABLE `gw_rss_reader_caches` DISABLE KEYS */;
/*!40000 ALTER TABLE `gw_rss_reader_caches` ENABLE KEYS */;
UNLOCK TABLES;

--
-- Dumping data for table `gw_rss_readers`
--

LOCK TABLES `gw_rss_readers` WRITE;
/*!40000 ALTER TABLE `gw_rss_readers` DISABLE KEYS */;
/*!40000 ALTER TABLE `gw_rss_readers` ENABLE KEYS */;
UNLOCK TABLES;

--
-- Dumping data for table `gw_schedule_props`
--

LOCK TABLES `gw_schedule_props` WRITE;
/*!40000 ALTER TABLE `gw_schedule_props` DISABLE KEYS */;
/*!40000 ALTER TABLE `gw_schedule_props` ENABLE KEYS */;
UNLOCK TABLES;

--
-- Dumping data for table `gw_schedule_public_roles`
--

LOCK TABLES `gw_schedule_public_roles` WRITE;
/*!40000 ALTER TABLE `gw_schedule_public_roles` DISABLE KEYS */;
/*!40000 ALTER TABLE `gw_schedule_public_roles` ENABLE KEYS */;
UNLOCK TABLES;

--
-- Dumping data for table `gw_schedule_repeats`
--

LOCK TABLES `gw_schedule_repeats` WRITE;
/*!40000 ALTER TABLE `gw_schedule_repeats` DISABLE KEYS */;
/*!40000 ALTER TABLE `gw_schedule_repeats` ENABLE KEYS */;
UNLOCK TABLES;

--
-- Dumping data for table `gw_schedule_users`
--

LOCK TABLES `gw_schedule_users` WRITE;
/*!40000 ALTER TABLE `gw_schedule_users` DISABLE KEYS */;
/*!40000 ALTER TABLE `gw_schedule_users` ENABLE KEYS */;
UNLOCK TABLES;

--
-- Dumping data for table `gw_schedules`
--

LOCK TABLES `gw_schedules` WRITE;
/*!40000 ALTER TABLE `gw_schedules` DISABLE KEYS */;
/*!40000 ALTER TABLE `gw_schedules` ENABLE KEYS */;
UNLOCK TABLES;

--
-- Dumping data for table `gw_section_admin_masters`
--

LOCK TABLES `gw_section_admin_masters` WRITE;
/*!40000 ALTER TABLE `gw_section_admin_masters` DISABLE KEYS */;
/*!40000 ALTER TABLE `gw_section_admin_masters` ENABLE KEYS */;
UNLOCK TABLES;

--
-- Dumping data for table `gw_todos`
--

LOCK TABLES `gw_todos` WRITE;
/*!40000 ALTER TABLE `gw_todos` DISABLE KEYS */;
/*!40000 ALTER TABLE `gw_todos` ENABLE KEYS */;
UNLOCK TABLES;

--
-- Dumping data for table `gw_user_properties`
--

LOCK TABLES `gw_user_properties` WRITE;
/*!40000 ALTER TABLE `gw_user_properties` DISABLE KEYS */;
INSERT INTO `gw_user_properties` (`id`, `class_id`, `uid`, `name`, `type_name`, `options`, `created_at`, `updated_at`) VALUES 
(1,3,'0','enquete','help_link','[[\"\"], [\"\"], [\"\"], [\"\"], [\"\"], [\"\"], [\"\"]]','2014-01-16 10:24:30','2014-01-16 10:24:30'),
(2,3,'0','gwmonitor','help_link','[[\"\"], [\"\"]]','2014-01-16 10:24:30','2014-01-16 10:24:30');
/*!40000 ALTER TABLE `gw_user_properties` ENABLE KEYS */;
UNLOCK TABLES;

--
-- Dumping data for table `gw_workflow_controls`
--

LOCK TABLES `gw_workflow_controls` WRITE;
/*!40000 ALTER TABLE `gw_workflow_controls` DISABLE KEYS */;
INSERT INTO `gw_workflow_controls` (`id`, `unid`, `content_id`, `state`, `created_at`, `updated_at`, `recognized_at`, `published_at`, `default_published`, `doc_body_size_capacity`, `doc_body_size_currently`, `upload_graphic_file_size_capacity`, `upload_graphic_file_size_capacity_unit`, `upload_document_file_size_capacity`, `upload_document_file_size_capacity_unit`, `upload_graphic_file_size_max`, `upload_document_file_size_max`, `upload_graphic_file_size_currently`, `upload_document_file_size_currently`, `commission_limit`, `create_section`, `create_section_flag`, `addnew_forbidden`, `edit_forbidden`, `draft_forbidden`, `delete_forbidden`, `attachfile_index_use`, `importance`, `form_name`, `banner`, `banner_position`, `left_banner`, `left_menu`, `left_index_use`, `left_index_pattern`, `left_index_bg_color`, `default_mode`, `other_system_link`, `preview_mode`, `wallpaper_id`, `wallpaper`, `css`, `font_color`, `icon_id`, `icon`, `sort_no`, `caption`, `view_hide`, `categoey_view`, `categoey_view_line`, `monthly_view`, `monthly_view_line`, `group_view`, `one_line_use`, `notification`, `restrict_access`, `upload_system`, `limit_date`, `name`, `title`, `category`, `category1_name`, `category2_name`, `category3_name`, `recognize`, `createdate`, `createrdivision_id`, `createrdivision`, `creater_id`, `creater`, `editdate`, `editordivision_id`, `editordivision`, `editor_id`, `editor`, `default_limit`, `dbname`, `admingrps`, `admingrps_json`, `adms`, `adms_json`, `dsp_admin_name`, `editors`, `editors_json`, `readers`, `readers_json`, `sueditors`, `sueditors_json`, `sureaders`, `sureaders_json`, `help_display`, `help_url`, `help_admin_url`, `notes_field01`, `notes_field02`, `notes_field03`, `notes_field04`, `notes_field05`, `notes_field06`, `notes_field07`, `notes_field08`, `notes_field09`, `notes_field10`, `docslast_updated_at`) VALUES 
(1,NULL,NULL,'public','2013-05-20 10:00:00','2013-05-20 10:00:00',NULL,NULL,7,100,0,10,'GB',10,'GB',5,5,'0','0',200,NULL,'',NULL,NULL,NULL,NULL,NULL,NULL,NULL,NULL,NULL,NULL,NULL,'1',NULL,NULL,NULL,'',NULL,NULL,NULL,NULL,NULL,NULL,NULL,0,'',1,NULL,0,NULL,NULL,NULL,NULL,NULL,NULL,3,'use',NULL,'ワークフロー',NULL,NULL,NULL,NULL,0,'2010-11-19 10:55','1000','システム管理','gwbbs','admin','2010-11-25 17:13','1000','システム管理','gwbbs','admin',200,NULL,'--- !map:HashWithIndifferentAccess \ngid: \"3\"\n','[]','--- !map:HashWithIndifferentAccess \ngid: \"36\"\n','[]','','--- !map:HashWithIndifferentAccess \ngid: \"3\"\n','[[\"\", \"0\", \"制限なし\"]]','--- !map:HashWithIndifferentAccess \ngid: \"0\"\n','[[\"\", \"0\", \"制限なし\"]]','--- !map:HashWithIndifferentAccess \ngid: \"36\"\n','[]','--- !map:HashWithIndifferentAccess \ngid: \"36\"\n','[]','1','','',NULL,NULL,NULL,NULL,NULL,NULL,NULL,NULL,NULL,NULL,NULL);
/*!40000 ALTER TABLE `gw_workflow_controls` ENABLE KEYS */;
UNLOCK TABLES;

--
-- Dumping data for table `gw_workflow_custom_route_steps`
--

LOCK TABLES `gw_workflow_custom_route_steps` WRITE;
/*!40000 ALTER TABLE `gw_workflow_custom_route_steps` DISABLE KEYS */;
/*!40000 ALTER TABLE `gw_workflow_custom_route_steps` ENABLE KEYS */;
UNLOCK TABLES;

--
-- Dumping data for table `gw_workflow_custom_route_users`
--

LOCK TABLES `gw_workflow_custom_route_users` WRITE;
/*!40000 ALTER TABLE `gw_workflow_custom_route_users` DISABLE KEYS */;
/*!40000 ALTER TABLE `gw_workflow_custom_route_users` ENABLE KEYS */;
UNLOCK TABLES;

--
-- Dumping data for table `gw_workflow_custom_routes`
--

LOCK TABLES `gw_workflow_custom_routes` WRITE;
/*!40000 ALTER TABLE `gw_workflow_custom_routes` DISABLE KEYS */;
/*!40000 ALTER TABLE `gw_workflow_custom_routes` ENABLE KEYS */;
UNLOCK TABLES;

--
-- Dumping data for table `gw_workflow_docs`
--

LOCK TABLES `gw_workflow_docs` WRITE;
/*!40000 ALTER TABLE `gw_workflow_docs` DISABLE KEYS */;
/*!40000 ALTER TABLE `gw_workflow_docs` ENABLE KEYS */;
UNLOCK TABLES;

--
-- Dumping data for table `gw_workflow_itemdeletes`
--

LOCK TABLES `gw_workflow_itemdeletes` WRITE;
/*!40000 ALTER TABLE `gw_workflow_itemdeletes` DISABLE KEYS */;
/*!40000 ALTER TABLE `gw_workflow_itemdeletes` ENABLE KEYS */;
UNLOCK TABLES;

--
-- Dumping data for table `gw_workflow_mail_settings`
--

LOCK TABLES `gw_workflow_mail_settings` WRITE;
/*!40000 ALTER TABLE `gw_workflow_mail_settings` DISABLE KEYS */;
/*!40000 ALTER TABLE `gw_workflow_mail_settings` ENABLE KEYS */;
UNLOCK TABLES;

--
-- Dumping data for table `gw_workflow_route_steps`
--

LOCK TABLES `gw_workflow_route_steps` WRITE;
/*!40000 ALTER TABLE `gw_workflow_route_steps` DISABLE KEYS */;
/*!40000 ALTER TABLE `gw_workflow_route_steps` ENABLE KEYS */;
UNLOCK TABLES;

--
-- Dumping data for table `gw_workflow_route_users`
--

LOCK TABLES `gw_workflow_route_users` WRITE;
/*!40000 ALTER TABLE `gw_workflow_route_users` DISABLE KEYS */;
/*!40000 ALTER TABLE `gw_workflow_route_users` ENABLE KEYS */;
UNLOCK TABLES;

--
-- Dumping data for table `gw_year_fiscal_jps`
--

LOCK TABLES `gw_year_fiscal_jps` WRITE;
/*!40000 ALTER TABLE `gw_year_fiscal_jps` DISABLE KEYS */;
INSERT INTO `gw_year_fiscal_jps` (`id`, `start_at`, `end_at`, `fyear`, `fyear_f`, `markjp`, `markjp_f`, `namejp`, `namejp_f`, `updated_at`, `updated_user`, `updated_group`, `created_at`, `created_user`, `created_group`) VALUES 
(1,'1869-04-01 00:00:00','1870-03-31 23:59:59','1869','1869年度','M2','M2年度','明治2','明治2年度','2009-12-09 10:56:12',NULL,NULL,'2009-12-09 10:56:12',NULL,NULL),
(2,'1870-04-01 00:00:00','1871-03-31 23:59:59','1870','1870年度','M3','M3年度','明治3','明治3年度','2009-12-09 10:56:12',NULL,NULL,'2009-12-09 10:56:12',NULL,NULL),
(3,'1871-04-01 00:00:00','1872-03-31 23:59:59','1871','1871年度','M4','M4年度','明治4','明治4年度','2009-12-09 10:56:12',NULL,NULL,'2009-12-09 10:56:12',NULL,NULL),
(4,'1872-04-01 00:00:00','1873-03-31 23:59:59','1872','1872年度','M5','M5年度','明治5','明治5年度','2009-12-09 10:56:12',NULL,NULL,'2009-12-09 10:56:12',NULL,NULL),
(5,'1873-04-01 00:00:00','1874-03-31 23:59:59','1873','1873年度','M6','M6年度','明治6','明治6年度','2009-12-09 10:56:12',NULL,NULL,'2009-12-09 10:56:12',NULL,NULL),
(6,'1874-04-01 00:00:00','1875-03-31 23:59:59','1874','1874年度','M7','M7年度','明治7','明治7年度','2009-12-09 10:56:12',NULL,NULL,'2009-12-09 10:56:12',NULL,NULL),
(7,'1875-04-01 00:00:00','1876-03-31 23:59:59','1875','1875年度','M8','M8年度','明治8','明治8年度','2009-12-09 10:56:12',NULL,NULL,'2009-12-09 10:56:12',NULL,NULL),
(8,'1876-04-01 00:00:00','1877-03-31 23:59:59','1876','1876年度','M9','M9年度','明治9','明治9年度','2009-12-09 10:56:12',NULL,NULL,'2009-12-09 10:56:12',NULL,NULL),
(9,'1877-04-01 00:00:00','1878-03-31 23:59:59','1877','1877年度','M10','M10年度','明治10','明治10年度','2009-12-09 10:56:12',NULL,NULL,'2009-12-09 10:56:12',NULL,NULL),
(10,'1878-04-01 00:00:00','1879-03-31 23:59:59','1878','1878年度','M11','M11年度','明治11','明治11年度','2009-12-09 10:56:12',NULL,NULL,'2009-12-09 10:56:12',NULL,NULL),
(11,'1879-04-01 00:00:00','1880-03-31 23:59:59','1879','1879年度','M12','M12年度','明治12','明治12年度','2009-12-09 10:56:12',NULL,NULL,'2009-12-09 10:56:12',NULL,NULL),
(12,'1880-04-01 00:00:00','1881-03-31 23:59:59','1880','1880年度','M13','M13年度','明治13','明治13年度','2009-12-09 10:56:12',NULL,NULL,'2009-12-09 10:56:12',NULL,NULL),
(13,'1881-04-01 00:00:00','1882-03-31 23:59:59','1881','1881年度','M14','M14年度','明治14','明治14年度','2009-12-09 10:56:13',NULL,NULL,'2009-12-09 10:56:13',NULL,NULL),
(14,'1882-04-01 00:00:00','1883-03-31 23:59:59','1882','1882年度','M15','M15年度','明治15','明治15年度','2009-12-09 10:56:13',NULL,NULL,'2009-12-09 10:56:13',NULL,NULL),
(15,'1883-04-01 00:00:00','1884-03-31 23:59:59','1883','1883年度','M16','M16年度','明治16','明治16年度','2009-12-09 10:56:13',NULL,NULL,'2009-12-09 10:56:13',NULL,NULL),
(16,'1884-04-01 00:00:00','1885-03-31 23:59:59','1884','1884年度','M17','M17年度','明治17','明治17年度','2009-12-09 10:56:13',NULL,NULL,'2009-12-09 10:56:13',NULL,NULL),
(17,'1885-04-01 00:00:00','1886-03-31 23:59:59','1885','1885年度','M18','M18年度','明治18','明治18年度','2009-12-09 10:56:13',NULL,NULL,'2009-12-09 10:56:13',NULL,NULL),
(18,'1886-04-01 00:00:00','1887-03-31 23:59:59','1886','1886年度','M19','M19年度','明治19','明治19年度','2009-12-09 10:56:13',NULL,NULL,'2009-12-09 10:56:13',NULL,NULL),
(19,'1887-04-01 00:00:00','1888-03-31 23:59:59','1887','1887年度','M20','M20年度','明治20','明治20年度','2009-12-09 10:56:13',NULL,NULL,'2009-12-09 10:56:13',NULL,NULL),
(20,'1888-04-01 00:00:00','1889-03-31 23:59:59','1888','1888年度','M21','M21年度','明治21','明治21年度','2009-12-09 10:56:13',NULL,NULL,'2009-12-09 10:56:13',NULL,NULL),
(21,'1889-04-01 00:00:00','1890-03-31 23:59:59','1889','1889年度','M22','M22年度','明治22','明治22年度','2009-12-09 10:56:13',NULL,NULL,'2009-12-09 10:56:13',NULL,NULL),
(22,'1890-04-01 00:00:00','1891-03-31 23:59:59','1890','1890年度','M23','M23年度','明治23','明治23年度','2009-12-09 10:56:13',NULL,NULL,'2009-12-09 10:56:13',NULL,NULL),
(23,'1891-04-01 00:00:00','1892-03-31 23:59:59','1891','1891年度','M24','M24年度','明治24','明治24年度','2009-12-09 10:56:13',NULL,NULL,'2009-12-09 10:56:13',NULL,NULL),
(24,'1892-04-01 00:00:00','1893-03-31 23:59:59','1892','1892年度','M25','M25年度','明治25','明治25年度','2009-12-09 10:56:13',NULL,NULL,'2009-12-09 10:56:13',NULL,NULL),
(25,'1893-04-01 00:00:00','1894-03-31 23:59:59','1893','1893年度','M26','M26年度','明治26','明治26年度','2009-12-09 10:56:13',NULL,NULL,'2009-12-09 10:56:13',NULL,NULL),
(26,'1894-04-01 00:00:00','1895-03-31 23:59:59','1894','1894年度','M27','M27年度','明治27','明治27年度','2009-12-09 10:56:13',NULL,NULL,'2009-12-09 10:56:13',NULL,NULL),
(27,'1895-04-01 00:00:00','1896-03-31 23:59:59','1895','1895年度','M28','M28年度','明治28','明治28年度','2009-12-09 10:56:13',NULL,NULL,'2009-12-09 10:56:13',NULL,NULL),
(28,'1896-04-01 00:00:00','1897-03-31 23:59:59','1896','1896年度','M29','M29年度','明治29','明治29年度','2009-12-09 10:56:13',NULL,NULL,'2009-12-09 10:56:13',NULL,NULL),
(29,'1897-04-01 00:00:00','1898-03-31 23:59:59','1897','1897年度','M30','M30年度','明治30','明治30年度','2009-12-09 10:56:13',NULL,NULL,'2009-12-09 10:56:13',NULL,NULL),
(30,'1898-04-01 00:00:00','1899-03-31 23:59:59','1898','1898年度','M31','M31年度','明治31','明治31年度','2009-12-09 10:56:13',NULL,NULL,'2009-12-09 10:56:13',NULL,NULL),
(31,'1899-04-01 00:00:00','1900-03-31 23:59:59','1899','1899年度','M32','M32年度','明治32','明治32年度','2009-12-09 10:56:13',NULL,NULL,'2009-12-09 10:56:13',NULL,NULL),
(32,'1900-04-01 00:00:00','1901-03-31 23:59:59','1900','1900年度','M33','M33年度','明治33','明治33年度','2009-12-09 10:56:13',NULL,NULL,'2009-12-09 10:56:13',NULL,NULL),
(33,'1901-04-01 00:00:00','1902-03-31 23:59:59','1901','1901年度','M34','M34年度','明治34','明治34年度','2009-12-09 10:56:13',NULL,NULL,'2009-12-09 10:56:13',NULL,NULL),
(34,'1902-04-01 00:00:00','1903-03-31 23:59:59','1902','1902年度','M35','M35年度','明治35','明治35年度','2009-12-09 10:56:13',NULL,NULL,'2009-12-09 10:56:13',NULL,NULL),
(35,'1903-04-01 00:00:00','1904-03-31 23:59:59','1903','1903年度','M36','M36年度','明治36','明治36年度','2009-12-09 10:56:13',NULL,NULL,'2009-12-09 10:56:13',NULL,NULL),
(36,'1904-04-01 00:00:00','1905-03-31 23:59:59','1904','1904年度','M37','M37年度','明治37','明治37年度','2009-12-09 10:56:14',NULL,NULL,'2009-12-09 10:56:14',NULL,NULL),
(37,'1905-04-01 00:00:00','1906-03-31 23:59:59','1905','1905年度','M38','M38年度','明治38','明治38年度','2009-12-09 10:56:14',NULL,NULL,'2009-12-09 10:56:14',NULL,NULL),
(38,'1906-04-01 00:00:00','1907-03-31 23:59:59','1906','1906年度','M39','M39年度','明治39','明治39年度','2009-12-09 10:56:14',NULL,NULL,'2009-12-09 10:56:14',NULL,NULL),
(39,'1907-04-01 00:00:00','1908-03-31 23:59:59','1907','1907年度','M40','M40年度','明治40','明治40年度','2009-12-09 10:56:14',NULL,NULL,'2009-12-09 10:56:14',NULL,NULL),
(40,'1908-04-01 00:00:00','1909-03-31 23:59:59','1908','1908年度','M41','M41年度','明治41','明治41年度','2009-12-09 10:56:14',NULL,NULL,'2009-12-09 10:56:14',NULL,NULL),
(41,'1909-04-01 00:00:00','1910-03-31 23:59:59','1909','1909年度','M42','M42年度','明治42','明治42年度','2009-12-09 10:56:14',NULL,NULL,'2009-12-09 10:56:14',NULL,NULL),
(42,'1910-04-01 00:00:00','1911-03-31 23:59:59','1910','1910年度','M43','M43年度','明治43','明治43年度','2009-12-09 10:56:14',NULL,NULL,'2009-12-09 10:56:14',NULL,NULL),
(43,'1911-04-01 00:00:00','1912-03-31 23:59:59','1911','1911年度','M44','M44年度','明治44','明治44年度','2009-12-09 10:56:14',NULL,NULL,'2009-12-09 10:56:14',NULL,NULL),
(44,'1912-04-01 00:00:00','1913-03-31 23:59:59','1912','1912年度','M45','M45年度','明治45','明治45年度','2009-12-09 10:56:14',NULL,NULL,'2009-12-09 10:56:14',NULL,NULL),
(45,'1913-04-01 00:00:00','1914-03-31 23:59:59','1913','1913年度','T2','T2年度','大正2','大正2年度','2009-12-09 10:56:14',NULL,NULL,'2009-12-09 10:56:14',NULL,NULL),
(46,'1914-04-01 00:00:00','1915-03-31 23:59:59','1914','1914年度','T3','T3年度','大正3','大正3年度','2009-12-09 10:56:14',NULL,NULL,'2009-12-09 10:56:14',NULL,NULL),
(47,'1915-04-01 00:00:00','1916-03-31 23:59:59','1915','1915年度','T4','T4年度','大正4','大正4年度','2009-12-09 10:56:14',NULL,NULL,'2009-12-09 10:56:14',NULL,NULL),
(48,'1916-04-01 00:00:00','1917-03-31 23:59:59','1916','1916年度','T5','T5年度','大正5','大正5年度','2009-12-09 10:56:14',NULL,NULL,'2009-12-09 10:56:14',NULL,NULL),
(49,'1917-04-01 00:00:00','1918-03-31 23:59:59','1917','1917年度','T6','T6年度','大正6','大正6年度','2009-12-09 10:56:14',NULL,NULL,'2009-12-09 10:56:14',NULL,NULL),
(50,'1918-04-01 00:00:00','1919-03-31 23:59:59','1918','1918年度','T7','T7年度','大正7','大正7年度','2009-12-09 10:56:14',NULL,NULL,'2009-12-09 10:56:14',NULL,NULL),
(51,'1919-04-01 00:00:00','1920-03-31 23:59:59','1919','1919年度','T8','T8年度','大正8','大正8年度','2009-12-09 10:56:14',NULL,NULL,'2009-12-09 10:56:14',NULL,NULL),
(52,'1920-04-01 00:00:00','1921-03-31 23:59:59','1920','1920年度','T9','T9年度','大正9','大正9年度','2009-12-09 10:56:14',NULL,NULL,'2009-12-09 10:56:14',NULL,NULL),
(53,'1921-04-01 00:00:00','1922-03-31 23:59:59','1921','1921年度','T10','T10年度','大正10','大正10年度','2009-12-09 10:56:14',NULL,NULL,'2009-12-09 10:56:14',NULL,NULL),
(54,'1922-04-01 00:00:00','1923-03-31 23:59:59','1922','1922年度','T11','T11年度','大正11','大正11年度','2009-12-09 10:56:14',NULL,NULL,'2009-12-09 10:56:14',NULL,NULL),
(55,'1923-04-01 00:00:00','1924-03-31 23:59:59','1923','1923年度','T12','T12年度','大正12','大正12年度','2009-12-09 10:56:14',NULL,NULL,'2009-12-09 10:56:14',NULL,NULL),
(56,'1924-04-01 00:00:00','1925-03-31 23:59:59','1924','1924年度','T13','T13年度','大正13','大正13年度','2009-12-09 10:56:14',NULL,NULL,'2009-12-09 10:56:14',NULL,NULL),
(57,'1925-04-01 00:00:00','1926-03-31 23:59:59','1925','1925年度','T14','T14年度','大正14','大正14年度','2009-12-09 10:56:14',NULL,NULL,'2009-12-09 10:56:14',NULL,NULL),
(58,'1926-04-01 00:00:00','1927-03-31 23:59:59','1926','1926年度','T15','T15年度','大正15','大正15年度','2009-12-09 10:56:14',NULL,NULL,'2009-12-09 10:56:14',NULL,NULL),
(59,'1927-04-01 00:00:00','1928-03-31 23:59:59','1927','1927年度','S2','S2年度','昭和2','昭和2年度','2009-12-09 10:56:15',NULL,NULL,'2009-12-09 10:56:15',NULL,NULL),
(60,'1928-04-01 00:00:00','1929-03-31 23:59:59','1928','1928年度','S3','S3年度','昭和3','昭和3年度','2009-12-09 10:56:15',NULL,NULL,'2009-12-09 10:56:15',NULL,NULL),
(61,'1929-04-01 00:00:00','1930-03-31 23:59:59','1929','1929年度','S4','S4年度','昭和4','昭和4年度','2009-12-09 10:56:15',NULL,NULL,'2009-12-09 10:56:15',NULL,NULL),
(62,'1930-04-01 00:00:00','1931-03-31 23:59:59','1930','1930年度','S5','S5年度','昭和5','昭和5年度','2009-12-09 10:56:15',NULL,NULL,'2009-12-09 10:56:15',NULL,NULL),
(63,'1931-04-01 00:00:00','1932-03-31 23:59:59','1931','1931年度','S6','S6年度','昭和6','昭和6年度','2009-12-09 10:56:15',NULL,NULL,'2009-12-09 10:56:15',NULL,NULL),
(64,'1932-04-01 00:00:00','1933-03-31 23:59:59','1932','1932年度','S7','S7年度','昭和7','昭和7年度','2009-12-09 10:56:15',NULL,NULL,'2009-12-09 10:56:15',NULL,NULL),
(65,'1933-04-01 00:00:00','1934-03-31 23:59:59','1933','1933年度','S8','S8年度','昭和8','昭和8年度','2009-12-09 10:56:15',NULL,NULL,'2009-12-09 10:56:15',NULL,NULL),
(66,'1934-04-01 00:00:00','1935-03-31 23:59:59','1934','1934年度','S9','S9年度','昭和9','昭和9年度','2009-12-09 10:56:15',NULL,NULL,'2009-12-09 10:56:15',NULL,NULL),
(67,'1935-04-01 00:00:00','1936-03-31 23:59:59','1935','1935年度','S10','S10年度','昭和10','昭和10年度','2009-12-09 10:56:15',NULL,NULL,'2009-12-09 10:56:15',NULL,NULL),
(68,'1936-04-01 00:00:00','1937-03-31 23:59:59','1936','1936年度','S11','S11年度','昭和11','昭和11年度','2009-12-09 10:56:15',NULL,NULL,'2009-12-09 10:56:15',NULL,NULL),
(69,'1937-04-01 00:00:00','1938-03-31 23:59:59','1937','1937年度','S12','S12年度','昭和12','昭和12年度','2009-12-09 10:56:15',NULL,NULL,'2009-12-09 10:56:15',NULL,NULL),
(70,'1938-04-01 00:00:00','1939-03-31 23:59:59','1938','1938年度','S13','S13年度','昭和13','昭和13年度','2009-12-09 10:56:15',NULL,NULL,'2009-12-09 10:56:15',NULL,NULL),
(71,'1939-04-01 00:00:00','1940-03-31 23:59:59','1939','1939年度','S14','S14年度','昭和14','昭和14年度','2009-12-09 10:56:15',NULL,NULL,'2009-12-09 10:56:15',NULL,NULL),
(72,'1940-04-01 00:00:00','1941-03-31 23:59:59','1940','1940年度','S15','S15年度','昭和15','昭和15年度','2009-12-09 10:56:15',NULL,NULL,'2009-12-09 10:56:15',NULL,NULL),
(73,'1941-04-01 00:00:00','1942-03-31 23:59:59','1941','1941年度','S16','S16年度','昭和16','昭和16年度','2009-12-09 10:56:15',NULL,NULL,'2009-12-09 10:56:15',NULL,NULL),
(74,'1942-04-01 00:00:00','1943-03-31 23:59:59','1942','1942年度','S17','S17年度','昭和17','昭和17年度','2009-12-09 10:56:15',NULL,NULL,'2009-12-09 10:56:15',NULL,NULL),
(75,'1943-04-01 00:00:00','1944-03-31 23:59:59','1943','1943年度','S18','S18年度','昭和18','昭和18年度','2009-12-09 10:56:15',NULL,NULL,'2009-12-09 10:56:15',NULL,NULL),
(76,'1944-04-01 00:00:00','1945-03-31 23:59:59','1944','1944年度','S19','S19年度','昭和19','昭和19年度','2009-12-09 10:56:15',NULL,NULL,'2009-12-09 10:56:15',NULL,NULL),
(77,'1945-04-01 00:00:00','1946-03-31 23:59:59','1945','1945年度','S20','S20年度','昭和20','昭和20年度','2009-12-09 10:56:15',NULL,NULL,'2009-12-09 10:56:15',NULL,NULL),
(78,'1946-04-01 00:00:00','1947-03-31 23:59:59','1946','1946年度','S21','S21年度','昭和21','昭和21年度','2009-12-09 10:56:15',NULL,NULL,'2009-12-09 10:56:15',NULL,NULL),
(79,'1947-04-01 00:00:00','1948-03-31 23:59:59','1947','1947年度','S22','S22年度','昭和22','昭和22年度','2009-12-09 10:56:15',NULL,NULL,'2009-12-09 10:56:15',NULL,NULL),
(80,'1948-04-01 00:00:00','1949-03-31 23:59:59','1948','1948年度','S23','S23年度','昭和23','昭和23年度','2009-12-09 10:56:15',NULL,NULL,'2009-12-09 10:56:15',NULL,NULL),
(81,'1949-04-01 00:00:00','1950-03-31 23:59:59','1949','1949年度','S24','S24年度','昭和24','昭和24年度','2009-12-09 10:56:16',NULL,NULL,'2009-12-09 10:56:16',NULL,NULL),
(82,'1950-04-01 00:00:00','1951-03-31 23:59:59','1950','1950年度','S25','S25年度','昭和25','昭和25年度','2009-12-09 10:56:16',NULL,NULL,'2009-12-09 10:56:16',NULL,NULL),
(83,'1951-04-01 00:00:00','1952-03-31 23:59:59','1951','1951年度','S26','S26年度','昭和26','昭和26年度','2009-12-09 10:56:16',NULL,NULL,'2009-12-09 10:56:16',NULL,NULL),
(84,'1952-04-01 00:00:00','1953-03-31 23:59:59','1952','1952年度','S27','S27年度','昭和27','昭和27年度','2009-12-09 10:56:16',NULL,NULL,'2009-12-09 10:56:16',NULL,NULL),
(85,'1953-04-01 00:00:00','1954-03-31 23:59:59','1953','1953年度','S28','S28年度','昭和28','昭和28年度','2009-12-09 10:56:16',NULL,NULL,'2009-12-09 10:56:16',NULL,NULL),
(86,'1954-04-01 00:00:00','1955-03-31 23:59:59','1954','1954年度','S29','S29年度','昭和29','昭和29年度','2009-12-09 10:56:16',NULL,NULL,'2009-12-09 10:56:16',NULL,NULL),
(87,'1955-04-01 00:00:00','1956-03-31 23:59:59','1955','1955年度','S30','S30年度','昭和30','昭和30年度','2009-12-09 10:56:16',NULL,NULL,'2009-12-09 10:56:16',NULL,NULL),
(88,'1956-04-01 00:00:00','1957-03-31 23:59:59','1956','1956年度','S31','S31年度','昭和31','昭和31年度','2009-12-09 10:56:16',NULL,NULL,'2009-12-09 10:56:16',NULL,NULL),
(89,'1957-04-01 00:00:00','1958-03-31 23:59:59','1957','1957年度','S32','S32年度','昭和32','昭和32年度','2009-12-09 10:56:16',NULL,NULL,'2009-12-09 10:56:16',NULL,NULL),
(90,'1958-04-01 00:00:00','1959-03-31 23:59:59','1958','1958年度','S33','S33年度','昭和33','昭和33年度','2009-12-09 10:56:16',NULL,NULL,'2009-12-09 10:56:16',NULL,NULL),
(91,'1959-04-01 00:00:00','1960-03-31 23:59:59','1959','1959年度','S34','S34年度','昭和34','昭和34年度','2009-12-09 10:56:16',NULL,NULL,'2009-12-09 10:56:16',NULL,NULL),
(92,'1960-04-01 00:00:00','1961-03-31 23:59:59','1960','1960年度','S35','S35年度','昭和35','昭和35年度','2009-12-09 10:56:16',NULL,NULL,'2009-12-09 10:56:16',NULL,NULL),
(93,'1961-04-01 00:00:00','1962-03-31 23:59:59','1961','1961年度','S36','S36年度','昭和36','昭和36年度','2009-12-09 10:56:16',NULL,NULL,'2009-12-09 10:56:16',NULL,NULL),
(94,'1962-04-01 00:00:00','1963-03-31 23:59:59','1962','1962年度','S37','S37年度','昭和37','昭和37年度','2009-12-09 10:56:16',NULL,NULL,'2009-12-09 10:56:16',NULL,NULL),
(95,'1963-04-01 00:00:00','1964-03-31 23:59:59','1963','1963年度','S38','S38年度','昭和38','昭和38年度','2009-12-09 10:56:16',NULL,NULL,'2009-12-09 10:56:16',NULL,NULL),
(96,'1964-04-01 00:00:00','1965-03-31 23:59:59','1964','1964年度','S39','S39年度','昭和39','昭和39年度','2009-12-09 10:56:16',NULL,NULL,'2009-12-09 10:56:16',NULL,NULL),
(97,'1965-04-01 00:00:00','1966-03-31 23:59:59','1965','1965年度','S40','S40年度','昭和40','昭和40年度','2009-12-09 10:56:16',NULL,NULL,'2009-12-09 10:56:16',NULL,NULL),
(98,'1966-04-01 00:00:00','1967-03-31 23:59:59','1966','1966年度','S41','S41年度','昭和41','昭和41年度','2009-12-09 10:56:16',NULL,NULL,'2009-12-09 10:56:16',NULL,NULL),
(99,'1967-04-01 00:00:00','1968-03-31 23:59:59','1967','1967年度','S42','S42年度','昭和42','昭和42年度','2009-12-09 10:56:16',NULL,NULL,'2009-12-09 10:56:16',NULL,NULL),
(100,'1968-04-01 00:00:00','1969-03-31 23:59:59','1968','1968年度','S43','S43年度','昭和43','昭和43年度','2009-12-09 10:56:16',NULL,NULL,'2009-12-09 10:56:16',NULL,NULL),
(101,'1969-04-01 00:00:00','1970-03-31 23:59:59','1969','1969年度','S44','S44年度','昭和44','昭和44年度','2009-12-09 10:56:16',NULL,NULL,'2009-12-09 10:56:16',NULL,NULL),
(102,'1970-04-01 00:00:00','1971-03-31 23:59:59','1970','1970年度','S45','S45年度','昭和45','昭和45年度','2009-12-09 10:56:16',NULL,NULL,'2009-12-09 10:56:16',NULL,NULL),
(103,'1971-04-01 00:00:00','1972-03-31 23:59:59','1971','1971年度','S46','S46年度','昭和46','昭和46年度','2009-12-09 10:56:17',NULL,NULL,'2009-12-09 10:56:17',NULL,NULL),
(104,'1972-04-01 00:00:00','1973-03-31 23:59:59','1972','1972年度','S47','S47年度','昭和47','昭和47年度','2009-12-09 10:56:17',NULL,NULL,'2009-12-09 10:56:17',NULL,NULL),
(105,'1973-04-01 00:00:00','1974-03-31 23:59:59','1973','1973年度','S48','S48年度','昭和48','昭和48年度','2009-12-09 10:56:17',NULL,NULL,'2009-12-09 10:56:17',NULL,NULL),
(106,'1974-04-01 00:00:00','1975-03-31 23:59:59','1974','1974年度','S49','S49年度','昭和49','昭和49年度','2009-12-09 10:56:17',NULL,NULL,'2009-12-09 10:56:17',NULL,NULL),
(107,'1975-04-01 00:00:00','1976-03-31 23:59:59','1975','1975年度','S50','S50年度','昭和50','昭和50年度','2009-12-09 10:56:17',NULL,NULL,'2009-12-09 10:56:17',NULL,NULL),
(108,'1976-04-01 00:00:00','1977-03-31 23:59:59','1976','1976年度','S51','S51年度','昭和51','昭和51年度','2009-12-09 10:56:17',NULL,NULL,'2009-12-09 10:56:17',NULL,NULL),
(109,'1977-04-01 00:00:00','1978-03-31 23:59:59','1977','1977年度','S52','S52年度','昭和52','昭和52年度','2009-12-09 10:56:17',NULL,NULL,'2009-12-09 10:56:17',NULL,NULL),
(110,'1978-04-01 00:00:00','1979-03-31 23:59:59','1978','1978年度','S53','S53年度','昭和53','昭和53年度','2009-12-09 10:56:17',NULL,NULL,'2009-12-09 10:56:17',NULL,NULL),
(111,'1979-04-01 00:00:00','1980-03-31 23:59:59','1979','1979年度','S54','S54年度','昭和54','昭和54年度','2009-12-09 10:56:17',NULL,NULL,'2009-12-09 10:56:17',NULL,NULL),
(112,'1980-04-01 00:00:00','1981-03-31 23:59:59','1980','1980年度','S55','S55年度','昭和55','昭和55年度','2009-12-09 10:56:17',NULL,NULL,'2009-12-09 10:56:17',NULL,NULL),
(113,'1981-04-01 00:00:00','1982-03-31 23:59:59','1981','1981年度','S56','S56年度','昭和56','昭和56年度','2009-12-09 10:56:17',NULL,NULL,'2009-12-09 10:56:17',NULL,NULL),
(114,'1982-04-01 00:00:00','1983-03-31 23:59:59','1982','1982年度','S57','S57年度','昭和57','昭和57年度','2009-12-09 10:56:17',NULL,NULL,'2009-12-09 10:56:17',NULL,NULL),
(115,'1983-04-01 00:00:00','1984-03-31 23:59:59','1983','1983年度','S58','S58年度','昭和58','昭和58年度','2009-12-09 10:56:17',NULL,NULL,'2009-12-09 10:56:17',NULL,NULL),
(116,'1984-04-01 00:00:00','1985-03-31 23:59:59','1984','1984年度','S59','S59年度','昭和59','昭和59年度','2009-12-09 10:56:17',NULL,NULL,'2009-12-09 10:56:17',NULL,NULL),
(117,'1985-04-01 00:00:00','1986-03-31 23:59:59','1985','1985年度','S60','S60年度','昭和60','昭和60年度','2009-12-09 10:56:17',NULL,NULL,'2009-12-09 10:56:17',NULL,NULL),
(118,'1986-04-01 00:00:00','1987-03-31 23:59:59','1986','1986年度','S61','S61年度','昭和61','昭和61年度','2009-12-09 10:56:17',NULL,NULL,'2009-12-09 10:56:17',NULL,NULL),
(119,'1987-04-01 00:00:00','1988-03-31 23:59:59','1987','1987年度','S62','S62年度','昭和62','昭和62年度','2009-12-09 10:56:17',NULL,NULL,'2009-12-09 10:56:17',NULL,NULL),
(120,'1988-04-01 00:00:00','1989-03-31 23:59:59','1988','1988年度','S63','S63年度','昭和63','昭和63年度','2009-12-09 10:56:17',NULL,NULL,'2009-12-09 10:56:17',NULL,NULL),
(121,'1989-04-01 00:00:00','1990-03-31 23:59:59','1989','1989年度','H1','H1年度','平成1','平成1年度','2009-12-09 10:56:17',NULL,NULL,'2009-12-09 10:56:17',NULL,NULL),
(122,'1990-04-01 00:00:00','1991-03-31 23:59:59','1990','1990年度','H2','H2年度','平成2','平成2年度','2009-12-09 10:56:17',NULL,NULL,'2009-12-09 10:56:17',NULL,NULL),
(123,'1991-04-01 00:00:00','1992-03-31 23:59:59','1991','1991年度','H3','H3年度','平成3','平成3年度','2009-12-09 10:56:17',NULL,NULL,'2009-12-09 10:56:17',NULL,NULL),
(124,'1992-04-01 00:00:00','1993-03-31 23:59:59','1992','1992年度','H4','H4年度','平成4','平成4年度','2009-12-09 10:56:17',NULL,NULL,'2009-12-09 10:56:17',NULL,NULL),
(125,'1993-04-01 00:00:00','1994-03-31 23:59:59','1993','1993年度','H5','H5年度','平成5','平成5年度','2009-12-09 10:56:17',NULL,NULL,'2009-12-09 10:56:17',NULL,NULL),
(126,'1994-04-01 00:00:00','1995-03-31 23:59:59','1994','1994年度','H6','H6年度','平成6','平成6年度','2009-12-09 10:56:17',NULL,NULL,'2009-12-09 10:56:17',NULL,NULL),
(127,'1995-04-01 00:00:00','1996-03-31 23:59:59','1995','1995年度','H7','H7年度','平成7','平成7年度','2009-12-09 10:56:17',NULL,NULL,'2009-12-09 10:56:17',NULL,NULL),
(128,'1996-04-01 00:00:00','1997-03-31 23:59:59','1996','1996年度','H8','H8年度','平成8','平成8年度','2009-12-09 10:56:18',NULL,NULL,'2009-12-09 10:56:18',NULL,NULL),
(129,'1997-04-01 00:00:00','1998-03-31 23:59:59','1997','1997年度','H9','H9年度','平成9','平成9年度','2009-12-09 10:56:18',NULL,NULL,'2009-12-09 10:56:18',NULL,NULL),
(130,'1998-04-01 00:00:00','1999-03-31 23:59:59','1998','1998年度','H10','H10年度','平成10','平成10年度','2009-12-09 10:56:18',NULL,NULL,'2009-12-09 10:56:18',NULL,NULL),
(131,'1999-04-01 00:00:00','2000-03-31 23:59:59','1999','1999年度','H11','H11年度','平成11','平成11年度','2009-12-09 10:56:18',NULL,NULL,'2009-12-09 10:56:18',NULL,NULL),
(132,'2000-04-01 00:00:00','2001-03-31 23:59:59','2000','2000年度','H12','H12年度','平成12','平成12年度','2009-12-09 10:56:18',NULL,NULL,'2009-12-09 10:56:18',NULL,NULL),
(133,'2001-04-01 00:00:00','2002-03-31 23:59:59','2001','2001年度','H13','H13年度','平成13','平成13年度','2009-12-09 10:56:18',NULL,NULL,'2009-12-09 10:56:18',NULL,NULL),
(134,'2002-04-01 00:00:00','2003-03-31 23:59:59','2002','2002年度','H14','H14年度','平成14','平成14年度','2009-12-09 10:56:18',NULL,NULL,'2009-12-09 10:56:18',NULL,NULL),
(135,'2003-04-01 00:00:00','2004-03-31 23:59:59','2003','2003年度','H15','H15年度','平成15','平成15年度','2009-12-09 10:56:18',NULL,NULL,'2009-12-09 10:56:18',NULL,NULL),
(136,'2004-04-01 00:00:00','2005-03-31 23:59:59','2004','2004年度','H16','H16年度','平成16','平成16年度','2009-12-09 10:56:18',NULL,NULL,'2009-12-09 10:56:18',NULL,NULL),
(137,'2005-04-01 00:00:00','2006-03-31 23:59:59','2005','2005年度','H17','H17年度','平成17','平成17年度','2009-12-09 10:56:18',NULL,NULL,'2009-12-09 10:56:18',NULL,NULL),
(138,'2006-04-01 00:00:00','2007-03-31 23:59:59','2006','2006年度','H18','H18年度','平成18','平成18年度','2009-12-09 10:56:18',NULL,NULL,'2009-12-09 10:56:18',NULL,NULL),
(139,'2007-04-01 00:00:00','2008-03-31 23:59:59','2007','2007年度','H19','H19年度','平成19','平成19年度','2009-12-09 10:56:18',NULL,NULL,'2009-12-09 10:56:18',NULL,NULL),
(140,'2008-04-01 00:00:00','2009-03-31 23:59:59','2008','2008年度','H20','H20年度','平成20','平成20年度','2009-12-09 10:56:18',NULL,NULL,'2009-12-09 10:56:18',NULL,NULL),
(141,'2009-04-01 00:00:00','2010-03-31 23:59:59','2009','2009年度','H21','H21年度','平成21','平成21年度','2009-12-09 10:56:18',NULL,NULL,'2009-12-09 10:56:18',NULL,NULL),
(142,'2010-04-01 00:00:00','2011-03-31 23:59:59','2010','2010年度','H22','H22年度','平成22','平成22年度','2009-12-09 11:06:08',NULL,NULL,'2009-12-09 11:06:08',NULL,NULL),
(143,'2011-04-01 00:00:00','2012-03-31 23:59:59','2011','2011年度','H23','H23年度','平成23','平成23年度','2010-10-07 13:02:06',NULL,NULL,'2010-06-10 13:35:27',NULL,NULL),
(145,'2012-04-01 00:00:00','2013-03-31 23:59:59','2012','2012年度','H24','H24年度','平成24','平成24年度','2012-05-15 17:51:17',NULL,NULL,'2012-05-15 17:51:17',NULL,NULL),
(146,'2013-04-01 00:00:00','2014-03-31 23:59:59','2013','2013年度','H25','H25年度','平成25','平成25年度','2012-05-15 17:51:17',NULL,NULL,'2012-05-15 17:51:17',NULL,NULL),
(147,'2014-04-01 00:00:00','2015-03-31 23:59:59','2014','2014年度','H26','H26年度','平成26','平成26年度','2012-05-15 17:51:17',NULL,NULL,'2012-05-15 17:51:17',NULL,NULL),
(148,'2015-04-01 00:00:00','2016-03-31 23:59:59','2015','2015年度','H27','H27年度','平成27','平成27年度','2012-05-15 17:51:17',NULL,NULL,'2012-05-15 17:51:17',NULL,NULL),
(149,'2016-04-01 00:00:00','2017-03-31 23:59:59','2016','2016年度','H28','H28年度','平成28','平成28年度','2012-05-15 17:51:17',NULL,NULL,'2012-05-15 17:51:17',NULL,NULL),
(150,'2017-04-01 00:00:00','2018-03-31 23:59:59','2017','2017年度','H29','H29年度','平成29','平成29年度','2012-05-15 17:51:17',NULL,NULL,'2012-05-15 17:51:17',NULL,NULL);
/*!40000 ALTER TABLE `gw_year_fiscal_jps` ENABLE KEYS */;
UNLOCK TABLES;

--
-- Dumping data for table `gw_year_mark_jps`
--

LOCK TABLES `gw_year_mark_jps` WRITE;
/*!40000 ALTER TABLE `gw_year_mark_jps` DISABLE KEYS */;
INSERT INTO `gw_year_mark_jps` (`id`, `name`, `mark`, `start_at`, `updated_at`, `updated_user`, `updated_group`, `created_at`, `created_user`, `created_group`) VALUES 
(1,'明治','M','1868-09-08 00:00:00','2009-09-25 09:19:53','','','2009-09-22 11:57:19','',''),
(2,'大正','T','1912-07-30 00:00:00','2009-09-25 09:19:53','','','2009-09-22 11:57:19','',''),
(3,'昭和','S','1926-12-25 00:00:00','2010-10-07 17:48:22','','','2009-09-22 11:57:19','',''),
(4,'平成','H','1989-01-08 00:00:00','2010-10-07 19:32:11','','','2009-09-22 11:57:19','','');
/*!40000 ALTER TABLE `gw_year_mark_jps` ENABLE KEYS */;
UNLOCK TABLES;

--
-- Dumping data for table `gwbbs_adms`
--

LOCK TABLES `gwbbs_adms` WRITE;
/*!40000 ALTER TABLE `gwbbs_adms` DISABLE KEYS */;
INSERT INTO `gwbbs_adms` (`id`, `unid`, `content_id`, `created_at`, `title_id`, `user_id`, `user_code`, `user_name`, `group_id`, `group_code`, `group_name`) VALUES 
(2,NULL,NULL,'2011-05-23 00:01:21',1,0,NULL,NULL,100,'SYSTEM','システム管理');
/*!40000 ALTER TABLE `gwbbs_adms` ENABLE KEYS */;
UNLOCK TABLES;

--
-- Dumping data for table `gwbbs_controls`
--

LOCK TABLES `gwbbs_controls` WRITE;
/*!40000 ALTER TABLE `gwbbs_controls` DISABLE KEYS */;
INSERT INTO `gwbbs_controls` (`id`, `unid`, `content_id`, `state`, `created_at`, `updated_at`, `recognized_at`, `published_at`, `default_published`, `doc_body_size_capacity`, `doc_body_size_currently`, `upload_graphic_file_size_capacity`, `upload_graphic_file_size_capacity_unit`, `upload_document_file_size_capacity`, `upload_document_file_size_capacity_unit`, `upload_graphic_file_size_max`, `upload_document_file_size_max`, `upload_graphic_file_size_currently`, `upload_document_file_size_currently`, `create_section`, `create_section_flag`, `addnew_forbidden`, `edit_forbidden`, `draft_forbidden`, `delete_forbidden`, `attachfile_index_use`, `importance`, `form_name`, `banner`, `banner_position`, `left_banner`, `left_menu`, `left_index_use`, `left_index_pattern`, `left_index_bg_color`, `default_mode`, `other_system_link`, `preview_mode`, `wallpaper_id`, `wallpaper`, `css`, `font_color`, `icon_id`, `icon`, `sort_no`, `caption`, `view_hide`, `categoey_view`, `categoey_view_line`, `monthly_view`, `monthly_view_line`, `group_view`, `one_line_use`, `notification`, `restrict_access`, `upload_system`, `limit_date`, `name`, `title`, `category`, `category1_name`, `category2_name`, `category3_name`, `recognize`, `createdate`, `createrdivision_id`, `createrdivision`, `creater_id`, `creater`, `editdate`, `editordivision_id`, `editordivision`, `editor_id`, `editor`, `default_limit`, `dbname`, `admingrps`, `admingrps_json`, `adms`, `adms_json`, `dsp_admin_name`, `editors`, `editors_json`, `readers`, `readers_json`, `sueditors`, `sueditors_json`, `sureaders`, `sureaders_json`, `help_display`, `help_url`, `help_admin_url`, `notes_field01`, `notes_field02`, `notes_field03`, `notes_field04`, `notes_field05`, `notes_field06`, `notes_field07`, `notes_field08`, `notes_field09`, `notes_field10`, `docslast_updated_at`) VALUES 
(1,NULL,NULL,'public','2014-01-24 18:39:11','2014-01-24 18:39:11',NULL,NULL,3,30,0,10,'MB',30,'MB',3,10,'0','0',NULL,'0',0,0,0,0,NULL,1,'form001',NULL,NULL,NULL,NULL,'1',0,NULL,'','',NULL,NULL,NULL,NULL,NULL,NULL,NULL,0,'',1,0,0,1,6,1,1,0,0,3,'none',NULL,'全庁掲示板',0,NULL,NULL,NULL,0,'2014-01-24 18:39','SYSTEM','システム管理','admin','システム管理者',NULL,'SYSTEM',NULL,'admin',NULL,10,'development_jgw_bbs_000001','--- !ruby/hash:ActiveSupport::HashWithIndifferentAccess\n!binary \"Z2lk\": \'100\'\n!binary \"dWlk\":\n- \'100\'\n','[[\"SYSTEM\",\"100\",\"システム管理\"]]','--- !ruby/hash:ActiveSupport::HashWithIndifferentAccess\n!binary \"Z2lk\": \'0\'\n','[]','システム管理','--- !ruby/hash:ActiveSupport::HashWithIndifferentAccess\n!binary \"Z2lk\": \'100\'\n!binary \"dWlk\":\n- \'100\'\n','[[\"SYSTEM\",\"100\",\"システム管理\"]]','--- !ruby/hash:ActiveSupport::HashWithIndifferentAccess\n!binary \"Z2lk\": \'0\'\n!binary \"dWlk\":\n- \'0\'\n','[[\"\",\"0\",\"制限なし\"]]','--- !ruby/hash:ActiveSupport::HashWithIndifferentAccess\n!binary \"Z2lk\": \'0\'\n','[]','--- !ruby/hash:ActiveSupport::HashWithIndifferentAccess\n!binary \"Z2lk\": \'0\'\n','[]','1','','','','','','','','','','','','',NULL);
/*!40000 ALTER TABLE `gwbbs_controls` ENABLE KEYS */;
UNLOCK TABLES;

--
-- Dumping data for table `gwbbs_itemdeletes`
--

LOCK TABLES `gwbbs_itemdeletes` WRITE;
/*!40000 ALTER TABLE `gwbbs_itemdeletes` DISABLE KEYS */;
INSERT INTO `gwbbs_itemdeletes` (`id`, `unid`, `content_id`, `created_at`, `updated_at`, `admin_code`, `title_id`, `board_title`, `board_state`, `board_view_hide`, `board_sort_no`, `public_doc_count`, `void_doc_count`, `dbname`, `limit_date`, `board_limit_date`) VALUES 
(1,NULL,0,'2012-05-21 13:05:41','2012-05-21 13:05:41','admin',NULL,NULL,NULL,NULL,NULL,NULL,NULL,NULL,'24.months',NULL);
/*!40000 ALTER TABLE `gwbbs_itemdeletes` ENABLE KEYS */;
UNLOCK TABLES;

--
-- Dumping data for table `gwbbs_roles`
--

LOCK TABLES `gwbbs_roles` WRITE;
/*!40000 ALTER TABLE `gwbbs_roles` DISABLE KEYS */;
INSERT INTO `gwbbs_roles` (`id`, `unid`, `content_id`, `created_at`, `title_id`, `role_code`, `user_id`, `user_code`, `user_name`, `group_id`, `group_code`, `group_name`) VALUES 
(3,NULL,NULL,'2011-05-23 00:01:21',1,'w',NULL,NULL,NULL,100,'SYSTEM','システム管理'),
(4,NULL,NULL,'2011-05-23 00:01:21',1,'r',NULL,NULL,NULL,0,'0','制限なし');
/*!40000 ALTER TABLE `gwbbs_roles` ENABLE KEYS */;
UNLOCK TABLES;

--
-- Dumping data for table `gwbbs_themes`
--

LOCK TABLES `gwbbs_themes` WRITE;
/*!40000 ALTER TABLE `gwbbs_themes` DISABLE KEYS */;
/*!40000 ALTER TABLE `gwbbs_themes` ENABLE KEYS */;
UNLOCK TABLES;

--
-- Dumping data for table `gwboard_bgcolors`
--

LOCK TABLES `gwboard_bgcolors` WRITE;
/*!40000 ALTER TABLE `gwboard_bgcolors` DISABLE KEYS */;
/*!40000 ALTER TABLE `gwboard_bgcolors` ENABLE KEYS */;
UNLOCK TABLES;

--
-- Dumping data for table `gwboard_images`
--

LOCK TABLES `gwboard_images` WRITE;
/*!40000 ALTER TABLE `gwboard_images` DISABLE KEYS */;
/*!40000 ALTER TABLE `gwboard_images` ENABLE KEYS */;
UNLOCK TABLES;

--
-- Dumping data for table `gwboard_maps`
--

LOCK TABLES `gwboard_maps` WRITE;
/*!40000 ALTER TABLE `gwboard_maps` DISABLE KEYS */;
/*!40000 ALTER TABLE `gwboard_maps` ENABLE KEYS */;
UNLOCK TABLES;

--
-- Dumping data for table `gwboard_renewal_groups`
--

LOCK TABLES `gwboard_renewal_groups` WRITE;
/*!40000 ALTER TABLE `gwboard_renewal_groups` DISABLE KEYS */;
/*!40000 ALTER TABLE `gwboard_renewal_groups` ENABLE KEYS */;
UNLOCK TABLES;

--
-- Dumping data for table `gwboard_syntheses`
--

LOCK TABLES `gwboard_syntheses` WRITE;
/*!40000 ALTER TABLE `gwboard_syntheses` DISABLE KEYS */;
/*!40000 ALTER TABLE `gwboard_syntheses` ENABLE KEYS */;
UNLOCK TABLES;

--
-- Dumping data for table `gwboard_synthesetups`
--

LOCK TABLES `gwboard_synthesetups` WRITE;
/*!40000 ALTER TABLE `gwboard_synthesetups` DISABLE KEYS */;
/*!40000 ALTER TABLE `gwboard_synthesetups` ENABLE KEYS */;
UNLOCK TABLES;

--
-- Dumping data for table `gwboard_themes`
--

LOCK TABLES `gwboard_themes` WRITE;
/*!40000 ALTER TABLE `gwboard_themes` DISABLE KEYS */;
/*!40000 ALTER TABLE `gwboard_themes` ENABLE KEYS */;
UNLOCK TABLES;

--
-- Dumping data for table `gwcircular_adms`
--

LOCK TABLES `gwcircular_adms` WRITE;
/*!40000 ALTER TABLE `gwcircular_adms` DISABLE KEYS */;
/*!40000 ALTER TABLE `gwcircular_adms` ENABLE KEYS */;
UNLOCK TABLES;

--
-- Dumping data for table `gwcircular_controls`
--

LOCK TABLES `gwcircular_controls` WRITE;
/*!40000 ALTER TABLE `gwcircular_controls` DISABLE KEYS */;
INSERT INTO `gwcircular_controls` (`id`, `unid`, `content_id`, `state`, `created_at`, `updated_at`, `recognized_at`, `published_at`, `default_published`, `doc_body_size_capacity`, `doc_body_size_currently`, `upload_graphic_file_size_capacity`, `upload_graphic_file_size_capacity_unit`, `upload_document_file_size_capacity`, `upload_document_file_size_capacity_unit`, `upload_graphic_file_size_max`, `upload_document_file_size_max`, `upload_graphic_file_size_currently`, `upload_document_file_size_currently`, `commission_limit`, `create_section`, `create_section_flag`, `addnew_forbidden`, `edit_forbidden`, `draft_forbidden`, `delete_forbidden`, `attachfile_index_use`, `importance`, `form_name`, `banner`, `banner_position`, `left_banner`, `left_menu`, `left_index_use`, `left_index_pattern`, `left_index_bg_color`, `default_mode`, `other_system_link`, `preview_mode`, `wallpaper_id`, `wallpaper`, `css`, `font_color`, `icon_id`, `icon`, `sort_no`, `caption`, `view_hide`, `categoey_view`, `categoey_view_line`, `monthly_view`, `monthly_view_line`, `group_view`, `one_line_use`, `notification`, `restrict_access`, `upload_system`, `limit_date`, `name`, `title`, `category`, `category1_name`, `category2_name`, `category3_name`, `recognize`, `createdate`, `createrdivision_id`, `createrdivision`, `creater_id`, `creater`, `editdate`, `editordivision_id`, `editordivision`, `editor_id`, `editor`, `default_limit`, `dbname`, `admingrps`, `admingrps_json`, `adms`, `adms_json`, `dsp_admin_name`, `editors`, `editors_json`, `readers`, `readers_json`, `sueditors`, `sueditors_json`, `sureaders`, `sureaders_json`, `help_display`, `help_url`, `help_admin_url`, `notes_field01`, `notes_field02`, `notes_field03`, `notes_field04`, `notes_field05`, `notes_field06`, `notes_field07`, `notes_field08`, `notes_field09`, `notes_field10`, `docslast_updated_at`) VALUES 
(1,NULL,NULL,'public','2010-11-19 10:55:30','2010-11-25 17:13:21',NULL,NULL,7,100,0,10,'GB',10,'GB',5,5,'0','0',200,NULL,'',NULL,NULL,NULL,NULL,NULL,1,NULL,NULL,NULL,NULL,NULL,'1',0,NULL,NULL,'',NULL,NULL,NULL,NULL,NULL,NULL,NULL,0,'',1,NULL,0,NULL,NULL,NULL,1,NULL,NULL,3,'none',NULL,'回覧板',NULL,NULL,NULL,NULL,0,'2010-11-19 10:55','100','システム管理','gwbbs','admin','2010-11-25 17:13','100','システム管理','gwbbs','admin',200,NULL,'--- !map:HashWithIndifferentAccess \ngid: \"3\"\n','[]','--- !map:HashWithIndifferentAccess \ngid: \"36\"\n','[]','','--- !map:HashWithIndifferentAccess \ngid: \"3\"\n','[[\"\", \"0\", \"制限なし\"]]','--- !map:HashWithIndifferentAccess \ngid: \"0\"\n','[[\"\", \"0\", \"制限なし\"]]','--- !map:HashWithIndifferentAccess \ngid: \"36\"\n','[]','--- !map:HashWithIndifferentAccess \ngid: \"36\"\n','[]','1','','',NULL,NULL,NULL,NULL,NULL,NULL,NULL,NULL,NULL,NULL,NULL);
/*!40000 ALTER TABLE `gwcircular_controls` ENABLE KEYS */;
UNLOCK TABLES;

--
-- Dumping data for table `gwcircular_custom_groups`
--

LOCK TABLES `gwcircular_custom_groups` WRITE;
/*!40000 ALTER TABLE `gwcircular_custom_groups` DISABLE KEYS */;
/*!40000 ALTER TABLE `gwcircular_custom_groups` ENABLE KEYS */;
UNLOCK TABLES;

--
-- Dumping data for table `gwcircular_docs`
--

LOCK TABLES `gwcircular_docs` WRITE;
/*!40000 ALTER TABLE `gwcircular_docs` DISABLE KEYS */;
/*!40000 ALTER TABLE `gwcircular_docs` ENABLE KEYS */;
UNLOCK TABLES;

--
-- Dumping data for table `gwcircular_files`
--

LOCK TABLES `gwcircular_files` WRITE;
/*!40000 ALTER TABLE `gwcircular_files` DISABLE KEYS */;
/*!40000 ALTER TABLE `gwcircular_files` ENABLE KEYS */;
UNLOCK TABLES;

--
-- Dumping data for table `gwcircular_itemdeletes`
--

LOCK TABLES `gwcircular_itemdeletes` WRITE;
/*!40000 ALTER TABLE `gwcircular_itemdeletes` DISABLE KEYS */;
INSERT INTO `gwcircular_itemdeletes` (`id`, `unid`, `content_id`, `created_at`, `updated_at`, `admin_code`, `title_id`, `board_title`, `board_state`, `board_view_hide`, `board_sort_no`, `public_doc_count`, `void_doc_count`, `dbname`, `limit_date`, `board_limit_date`) VALUES 
(1,NULL,0,'2012-05-21 13:07:14','2012-05-21 13:07:19','admin',NULL,NULL,NULL,NULL,NULL,NULL,NULL,NULL,'24.months',NULL);
/*!40000 ALTER TABLE `gwcircular_itemdeletes` ENABLE KEYS */;
UNLOCK TABLES;

--
-- Dumping data for table `gwcircular_roles`
--

LOCK TABLES `gwcircular_roles` WRITE;
/*!40000 ALTER TABLE `gwcircular_roles` DISABLE KEYS */;
INSERT INTO `gwcircular_roles` (`id`, `unid`, `content_id`, `created_at`, `title_id`, `role_code`, `user_id`, `user_code`, `user_name`, `group_id`, `group_code`, `group_name`) VALUES 
(1,NULL,NULL,'2011-05-07 23:07:49',1,'w',NULL,NULL,NULL,0,'0','制限なし'),
(2,NULL,NULL,'2011-05-07 23:07:49',1,'r',NULL,NULL,NULL,0,'0','制限なし');
/*!40000 ALTER TABLE `gwcircular_roles` ENABLE KEYS */;
UNLOCK TABLES;

--
-- Dumping data for table `gwfaq_adms`
--

LOCK TABLES `gwfaq_adms` WRITE;
/*!40000 ALTER TABLE `gwfaq_adms` DISABLE KEYS */;
/*!40000 ALTER TABLE `gwfaq_adms` ENABLE KEYS */;
UNLOCK TABLES;

--
-- Dumping data for table `gwfaq_controls`
--

LOCK TABLES `gwfaq_controls` WRITE;
/*!40000 ALTER TABLE `gwfaq_controls` DISABLE KEYS */;
/*!40000 ALTER TABLE `gwfaq_controls` ENABLE KEYS */;
UNLOCK TABLES;

--
-- Dumping data for table `gwfaq_recognizers`
--

LOCK TABLES `gwfaq_recognizers` WRITE;
/*!40000 ALTER TABLE `gwfaq_recognizers` DISABLE KEYS */;
/*!40000 ALTER TABLE `gwfaq_recognizers` ENABLE KEYS */;
UNLOCK TABLES;

--
-- Dumping data for table `gwfaq_roles`
--

LOCK TABLES `gwfaq_roles` WRITE;
/*!40000 ALTER TABLE `gwfaq_roles` DISABLE KEYS */;
/*!40000 ALTER TABLE `gwfaq_roles` ENABLE KEYS */;
UNLOCK TABLES;

--
-- Dumping data for table `gwmonitor_base_files`
--

LOCK TABLES `gwmonitor_base_files` WRITE;
/*!40000 ALTER TABLE `gwmonitor_base_files` DISABLE KEYS */;
/*!40000 ALTER TABLE `gwmonitor_base_files` ENABLE KEYS */;
UNLOCK TABLES;

--
-- Dumping data for table `gwmonitor_controls`
--

LOCK TABLES `gwmonitor_controls` WRITE;
/*!40000 ALTER TABLE `gwmonitor_controls` DISABLE KEYS */;
/*!40000 ALTER TABLE `gwmonitor_controls` ENABLE KEYS */;
UNLOCK TABLES;

--
-- Dumping data for table `gwmonitor_custom_groups`
--

LOCK TABLES `gwmonitor_custom_groups` WRITE;
/*!40000 ALTER TABLE `gwmonitor_custom_groups` DISABLE KEYS */;
/*!40000 ALTER TABLE `gwmonitor_custom_groups` ENABLE KEYS */;
UNLOCK TABLES;

--
-- Dumping data for table `gwmonitor_custom_user_groups`
--

LOCK TABLES `gwmonitor_custom_user_groups` WRITE;
/*!40000 ALTER TABLE `gwmonitor_custom_user_groups` DISABLE KEYS */;
/*!40000 ALTER TABLE `gwmonitor_custom_user_groups` ENABLE KEYS */;
UNLOCK TABLES;

--
-- Dumping data for table `gwmonitor_docs`
--

LOCK TABLES `gwmonitor_docs` WRITE;
/*!40000 ALTER TABLE `gwmonitor_docs` DISABLE KEYS */;
/*!40000 ALTER TABLE `gwmonitor_docs` ENABLE KEYS */;
UNLOCK TABLES;

--
-- Dumping data for table `gwmonitor_files`
--

LOCK TABLES `gwmonitor_files` WRITE;
/*!40000 ALTER TABLE `gwmonitor_files` DISABLE KEYS */;
/*!40000 ALTER TABLE `gwmonitor_files` ENABLE KEYS */;
UNLOCK TABLES;

--
-- Dumping data for table `gwmonitor_forms`
--

LOCK TABLES `gwmonitor_forms` WRITE;
/*!40000 ALTER TABLE `gwmonitor_forms` DISABLE KEYS */;
/*!40000 ALTER TABLE `gwmonitor_forms` ENABLE KEYS */;
UNLOCK TABLES;

--
-- Dumping data for table `gwmonitor_itemdeletes`
--

LOCK TABLES `gwmonitor_itemdeletes` WRITE;
/*!40000 ALTER TABLE `gwmonitor_itemdeletes` DISABLE KEYS */;
/*!40000 ALTER TABLE `gwmonitor_itemdeletes` ENABLE KEYS */;
UNLOCK TABLES;

--
-- Dumping data for table `gwqa_adms`
--

LOCK TABLES `gwqa_adms` WRITE;
/*!40000 ALTER TABLE `gwqa_adms` DISABLE KEYS */;
/*!40000 ALTER TABLE `gwqa_adms` ENABLE KEYS */;
UNLOCK TABLES;

--
-- Dumping data for table `gwqa_controls`
--

LOCK TABLES `gwqa_controls` WRITE;
/*!40000 ALTER TABLE `gwqa_controls` DISABLE KEYS */;
/*!40000 ALTER TABLE `gwqa_controls` ENABLE KEYS */;
UNLOCK TABLES;

--
-- Dumping data for table `gwqa_recognizers`
--

LOCK TABLES `gwqa_recognizers` WRITE;
/*!40000 ALTER TABLE `gwqa_recognizers` DISABLE KEYS */;
/*!40000 ALTER TABLE `gwqa_recognizers` ENABLE KEYS */;
UNLOCK TABLES;

--
-- Dumping data for table `gwqa_roles`
--

LOCK TABLES `gwqa_roles` WRITE;
/*!40000 ALTER TABLE `gwqa_roles` DISABLE KEYS */;
/*!40000 ALTER TABLE `gwqa_roles` ENABLE KEYS */;
UNLOCK TABLES;

--
-- Dumping data for table `gwworkflow_files`
--

LOCK TABLES `gwworkflow_files` WRITE;
/*!40000 ALTER TABLE `gwworkflow_files` DISABLE KEYS */;
/*!40000 ALTER TABLE `gwworkflow_files` ENABLE KEYS */;
UNLOCK TABLES;

--
-- Dumping data for table `questionnaire_bases`
--

LOCK TABLES `questionnaire_bases` WRITE;
/*!40000 ALTER TABLE `questionnaire_bases` DISABLE KEYS */;
/*!40000 ALTER TABLE `questionnaire_bases` ENABLE KEYS */;
UNLOCK TABLES;

--
-- Dumping data for table `questionnaire_field_options`
--

LOCK TABLES `questionnaire_field_options` WRITE;
/*!40000 ALTER TABLE `questionnaire_field_options` DISABLE KEYS */;
/*!40000 ALTER TABLE `questionnaire_field_options` ENABLE KEYS */;
UNLOCK TABLES;

--
-- Dumping data for table `questionnaire_form_fields`
--

LOCK TABLES `questionnaire_form_fields` WRITE;
/*!40000 ALTER TABLE `questionnaire_form_fields` DISABLE KEYS */;
/*!40000 ALTER TABLE `questionnaire_form_fields` ENABLE KEYS */;
UNLOCK TABLES;

--
-- Dumping data for table `questionnaire_itemdeletes`
--

LOCK TABLES `questionnaire_itemdeletes` WRITE;
/*!40000 ALTER TABLE `questionnaire_itemdeletes` DISABLE KEYS */;
/*!40000 ALTER TABLE `questionnaire_itemdeletes` ENABLE KEYS */;
UNLOCK TABLES;

--
-- Dumping data for table `questionnaire_previews`
--

LOCK TABLES `questionnaire_previews` WRITE;
/*!40000 ALTER TABLE `questionnaire_previews` DISABLE KEYS */;
/*!40000 ALTER TABLE `questionnaire_previews` ENABLE KEYS */;
UNLOCK TABLES;

--
-- Dumping data for table `questionnaire_results`
--

LOCK TABLES `questionnaire_results` WRITE;
/*!40000 ALTER TABLE `questionnaire_results` DISABLE KEYS */;
/*!40000 ALTER TABLE `questionnaire_results` ENABLE KEYS */;
UNLOCK TABLES;

--
-- Dumping data for table `questionnaire_template_bases`
--

LOCK TABLES `questionnaire_template_bases` WRITE;
/*!40000 ALTER TABLE `questionnaire_template_bases` DISABLE KEYS */;
/*!40000 ALTER TABLE `questionnaire_template_bases` ENABLE KEYS */;
UNLOCK TABLES;

--
-- Dumping data for table `questionnaire_template_field_options`
--

LOCK TABLES `questionnaire_template_field_options` WRITE;
/*!40000 ALTER TABLE `questionnaire_template_field_options` DISABLE KEYS */;
/*!40000 ALTER TABLE `questionnaire_template_field_options` ENABLE KEYS */;
UNLOCK TABLES;

--
-- Dumping data for table `questionnaire_template_form_fields`
--

LOCK TABLES `questionnaire_template_form_fields` WRITE;
/*!40000 ALTER TABLE `questionnaire_template_form_fields` DISABLE KEYS */;
/*!40000 ALTER TABLE `questionnaire_template_form_fields` ENABLE KEYS */;
UNLOCK TABLES;

--
-- Dumping data for table `questionnaire_template_previews`
--

LOCK TABLES `questionnaire_template_previews` WRITE;
/*!40000 ALTER TABLE `questionnaire_template_previews` DISABLE KEYS */;
/*!40000 ALTER TABLE `questionnaire_template_previews` ENABLE KEYS */;
UNLOCK TABLES;

--
-- Dumping data for table `questionnaire_temporaries`
--

LOCK TABLES `questionnaire_temporaries` WRITE;
/*!40000 ALTER TABLE `questionnaire_temporaries` DISABLE KEYS */;
/*!40000 ALTER TABLE `questionnaire_temporaries` ENABLE KEYS */;
UNLOCK TABLES;

--
-- Dumping data for table `schema_migrations`
--


/*!40101 SET SQL_MODE=@OLD_SQL_MODE */;
/*!40014 SET FOREIGN_KEY_CHECKS=@OLD_FOREIGN_KEY_CHECKS */;
/*!40014 SET UNIQUE_CHECKS=@OLD_UNIQUE_CHECKS */;
/*!40101 SET CHARACTER_SET_CLIENT=@OLD_CHARACTER_SET_CLIENT */;
/*!40101 SET CHARACTER_SET_RESULTS=@OLD_CHARACTER_SET_RESULTS */;
/*!40101 SET COLLATION_CONNECTION=@OLD_COLLATION_CONNECTION */;
/*!40111 SET SQL_NOTES=@OLD_SQL_NOTES */;

-- Dump completed on 2014-01-17  8:51:24
